resource_state,name,distance,moving_time,elapsed_time,total_elevation_gain,type,sport_type,workout_type,id,start_date,start_date_local,timezone,utc_offset,location_city,location_state,location_country,achievement_count,kudos_count,comment_count,athlete_count,photo_count,trainer,commute,manual,private,visibility,flagged,gear_id,start_latlng,end_latlng,average_speed,max_speed,average_cadence,average_temp,average_watts,max_watts,weighted_average_watts,device_watts,kilojoules,has_heartrate,average_heartrate,max_heartrate,heartrate_opt_out,display_hide_heartrate_option,elev_high,elev_low,upload_id,upload_id_str,external_id,from_accepted_tag,pr_count,total_photo_count,has_kudoed,athlete.id,athlete.resource_state,map.id,map.summary_polyline,map.resource_state
2,Night Run,6303.2,2380,2546,22.0,Run,Run,,15158283669,2025-07-18T19:00:03Z,2025-07-18T21:00:03Z,(GMT+01:00) Europe/Paris,7200.0,,,,1,4,0,1,0,False,False,False,False,everyone,False,g18631689,"[49.231249, 4.040294]","[49.216406, 4.066951]",2.648,6.0,77.5,28.0,320.8,513.0,339.0,True,756.9,True,149.6,186.0,False,True,88.4,78.8,16186521262,16186521262,garmin_ping_460406341516,False,1,0,False,14548647,1,a15158283669,gnnkHybtWiBjAeBtAkAr@QNs@d@UHGNKJc@^q@VQNc@RqAz@UHw@z@]h@UVUd@SRKPUVKTi@r@_@XCFULQPa@Ze@|@o@n@_@T}@~@g@`@o@^_ALk@ROHI?{@X[ByAX]LWPOXUTQHINIDYXYR[b@IH[LIHI?KGK?IFa@e@DYE_@o@cAYq@QSAK]}@CKK]QiAEAGDMIM?c@j@E?@OJK\q@Fa@DFFKLAJG`@_@^WrA{ATOn@o@r@}@h@w@p@q@zAcBj@g@rAyARORSZa@TQf@q@b@a@p@y@XYPWPOf@k@z@}@lAyAZYV[\Yx@aAZWd@g@PMzAuBdAmBL[R_@fAcDl@sBl@uDL{@n@kDLaALk@ZiDFE^aBHMBM?@CG@KBKBLAF?KDQ@YPq@?MDMB[TaA?MDMFg@N{@@U\}A\kBj@yD^qBJu@d@yC~A_J\aCD?jAfA|@n@TRf@\PRrA~@XVJTBd@Cn@GTa@`AK\CTEx@Ox@AX@r@DVh@x@Ht@JNPFLAXUZOf@_@jAg@^G`AWt@Mr@GP@DDZF`@VnAlAHD^`@v@PpAn@LL\J\Zh@^HBPPHDHe@AKRu@F_@?IHc@NYCk@CQDWLY?EJODSPa@DOv@iBZiAVkATYf@wBlCgKNw@NaAP}@Zw@XeANiA^mAPmAT}@Ng@\}@h@yBd@o@La@LgAHuALiAHWTKJM@UKo@Ak@^mD`@mCJwAp@wET}@RcAN[JMJETDZCXDt@PrAf@H@j@RH@h@TlA\f@ZRP`AhAB@BA?C?DA@AG?@HN?D,2
2,Petit √©chauffement d‚Äôavant Padel,20316.1,10280,10317,453.0,Run,TrailRun,0.0,15136992633,2025-07-16T16:21:16Z,2025-07-16T18:21:16Z,(GMT+01:00) Europe/Paris,7200.0,,,,3,10,0,1,0,False,False,False,False,everyone,False,g24706785,"[49.191942, 3.943224]","[49.191729, 3.943412]",1.976,3.96,72.5,,254.8,2463.0,276.0,True,2587.9,True,153.3,184.0,False,True,264.8,142.0,16163164761,16163164761,garmin_ping_459740266796,False,0,1,False,14548647,1,a15136992633,sxfkHcdaWq@z@yCbGOHs@MATRx@g@fASfAwDvFSBa@w@_@COLoApC@p@Xr@CH_BbB[Bg@^iFtF{@d@Yb@kEtCcAtAY?_Ak@sBZYM_AgA[Ty@vAy@d@yDi@sAFeDvGiA`GQjB}@bF_CJyAv@kAhBmAbAiBzEi@hCtC`D`A~Ae@tDBPbEwEvDmFdAy@~GuDTAX^ZHtDg@Rs@r@g@fA]`@{@bAC|@c@SECe@Bd@JBX[H]Wb@@PtNOP^NzBHX\CT\b@RfFARdAE^VRz@IvCiAnBk@tFmAj@m@x@bBd@p@bA^VrArAnCF`@VX|@fC^f@f@lAjB`BpAtATd@dA~@x@\fBHp@f@Tt@FOh@DpAj@`Ex@dDpAfD`Bx@QxAPCHd@\lAj@^ET`@f@pCb@Z`@rBdAjGh@xD\fD|@vE?nA`MbEvAlGHxA`@~BrArFPtA^z@\bBz@tArAdAlBfCrAnCXnAh@lEVh@ThATvGv@xXdAbFfA|AvCt@tAbApDvF`BrDlFnHvGnDbBnAjEhBZe@XaBpAyNrJsl@l@sHVqAx@mB~@wAvEqDdAiAnGuLz@aA|@a@t@E`KhB|C[B_@YeD}@aI?k@XwCKuAKSc@GmAoA_@gAa@mCNg@|C}DnA_AzA}Fh@aSe@aJo@aCYmB_@k@k@eCQcBoAiF@qAMaBOe@E{B}@qEmBiGaAcCqAwBM}@g@oAe@sBo@oBiAsBs@o@{AoCkBoBCYJ_@Uq@aA?g@P}@bAqGjDgBb@kDZiCpAsBnBqJ~KIh@Fj@hGzJ~CnEJf@Ab@]n@qBjBgNbP[q@cAw@Um@y@_C}DoOcAwA}@yBoA}AUo@qCgDoC_Fo@_BBuKb@aBjAsCQl@QMCwBQm@BYx@u@Tq@SgF`@}BvC{GpBgBjAqD|CeEXm@Hi@@iBIo@eFoGa@@k@hBi@bASdBk@z@kHfFsBjAm@DsBuAsAqA}AuBaCgGeDqOW?qBlAe@yEw@cDeC{@sEtBcFhAkDa@aAa@gAVq@yBwCtDs@h@s@jAAzASh@KNOe@\pAfA~B~@|CNfAi@bHrBnHNnAuHjBkAJyC~@y@f@a@eBgAo@Y?Q}@QSw@GONIdAHh@w@~@Qj@u@d@y@DUk@CuBg@wA?g@f@q@@W[s@_@Da@OGS^aBD[GQeAHuCq@uADcBS,2
2,Evening Run,10245.2,4200,9204,79.0,Run,Run,0.0,15082787911,2025-07-11T18:51:06Z,2025-07-11T20:51:06Z,(GMT+01:00) Europe/Paris,7200.0,,,,1,11,0,1,0,False,False,False,False,everyone,False,g18631689,"[49.228829, 4.042033]","[49.228349, 4.037786]",2.439,3.86,78.6,27.0,303.3,448.0,300.0,True,1269.1,True,150.7,185.0,False,True,115.0,82.4,16103750960,16103750960,garmin_ping_458080185683,False,0,0,False,14548647,1,a15082787911,c_nkHumtWGa@@SFObAoA|@iBb@s@Ng@Xc@`AkBrAgDFIn@uAb@q@Xk@jAoBVi@t@iA^cCIOSMIMQ]Ya@AQHg@\}@@QCE_@FKSEWPaALk@HUDW?KGYmAgDIc@J}@ROR]X{@TSFOJEJ?~Ap@vAbA\j@DVBd@El@aA|DAb@YnA_@nAOv@H^VTzA|@n@n@`At@PX?b@DHJBVEJBzBbB|A|@pAjARb@Hj@DfAFZDfAXhD?`@Fl@@^L~@?`@NvBbApANhA@b@Df@DDTd@LFf@Dl@Gr@Fn@bAHb@FhATzBNrDP|BDz@@rCA`A]~FQfAO^SPKb@ATLjA?TCd@A~AJvBN|@^rAn@vATb@p@dBtAxCd@zA`@dBHh@A`@WnA@d@V`A@d@FJNJDLBl@GhA]~BmC|L[`AuApGQd@ARBTTn@F^Hz@APOz@GRq@^OFa@?WNILgArDUh@Kf@O\Ux@Sj@Yf@M^ATBTPb@?Rm@~Bs@jBMl@[fAmA~CIZSd@_@jAEDE\GT@ADJFBBNKlBKh@c@zBSt@Ml@k@rBe@`C_@nAy@hDShA}AnGSbAQl@{AxGKf@AVIb@F~@CZKXi@f@Yr@YjAe@xBi@rB[hBSh@Ux@_AdEy@`DG^_@bBi@nBKTKn@cAjEIb@g@nBe@rBIj@Fn@@n@Ld@Rb@PVXVzB|@hAyBj@}CT}@Fe@?Y`@iBHm@Ru@d@uARaAHYZaB\uAFo@Ji@Tw@@a@\{A?eAm@aCi@s@}AmACK@K\eBv@sCHo@f@sBN_@h@[Ne@@SGu@@U\uBbAaE^iBr@kCf@cC^}AX_Al@uCJUH_@NaAJSLe@\_BpAmFLy@Fu@JeBF_@?o@DYlBmFv@mCx@_CPs@Rm@@WAMEUOSOc@EQASPo@Xg@Pi@tA{FRm@Ha@HU@QCq@IqAFq@Cu@oB{AaAcAaBoAu@q@MEq@k@q@q@uBgB[]ISQIsAoAc@q@cCsC]g@Sk@Y]i@{@Ka@g@c@m@{@o@i@kCgEa@e@Qc@{E_IUi@q@gAi@iAw@uAq@{A]kAyAyFUsAC]BYBOb@q@b@g@|@uA`@e@BMHy@Rw@Jw@BMNK\KXa@\w@LM,2
2,Trail mini Tordus,12612.8,6070,6286,318.0,Run,TrailRun,0.0,15018565019,2025-07-05T16:00:51Z,2025-07-05T18:00:51Z,(GMT+01:00) Europe/Paris,7200.0,,,,0,15,0,16,0,False,False,False,False,everyone,False,g23916411,"[49.161337, 4.148638]","[49.160907, 4.14757]",2.078,4.4,72.3,,248.5,687.0,265.0,True,1506.6,True,158.8,183.0,False,True,287.2,139.8,16033281914,16033281914,garmin_ping_456062936143,False,0,0,False,14548647,1,a15018565019,iy`kH}giXBGoCc@eAg@CMb@iDfAuFl@sEHYFkAFKf@zA`ApBBPGt@Tt@b@n@x@LJLP|ACpBDLrB]nBy@POWoA]oFG]?y@Li@zALlBx@tCTtBz@ZEfB_A`@]Zi@LR?VHfAJ^`@XJT@REh@o@vDb@l@p@PNVPnAJPn@AFHBj@Nb@j@?Hj@Et@`@BXXJTPBb@AFI]q@c@g@Os@Wm@?[]kCQmEP}AJQfBPtAd@lAL`AXJ?jAu@n@Ab@ZT|@F@b@[VHPSP@n@RNLl@LJ\NLt@Cr@LPGbAPLL@RLNl@Cb@Fj@dAj@Hp@G`B{Ex@iAbB{@j@BLV?dAHXCtEHx@pB~FzB~Ef@tAvCbGv@`Al@b@|@fAbGvFRFd@h@fCrBHHBVAh@CTWn@oBjEyBlESbAg@lAST[x@g@x@q@fB{AvCqAc@w@w@a@YiAYaAm@_AM_@SsA]{AiAQQAWfBmENy@f@gJCa@c@]aAc@{@u@Ya@W?y@m@yAiA[]e@WyBkBIQWEwAoA_Ac@o@s@iAq@{@w@o@g@}AcA]e@gAAu@r@k@pAGd@w@rCc@|@Ij@Yt@o@Xe@KSWCFHpEB\BhBAtBF`A@pDY|AQ`@yAEk@]aARw@Ok@aAI_Aa@gAIoBc@qBG_@Ag@KSKHQa@o@m@_A[EDCr@NbCA~@{ClKSZCh@g@hD_BjGOxAGnCMfBK`AQp@Yj@g@TMRKD{@GaBq@i@Ae@N[Xe@t@OfACbA`@zD@fFTfBFNv@~@z@t@r@pARz@p@hBLh@Nr@Dz@b@hDVpA|@bCDDhCQh@OjAEbCNxAb@XpAYj@CV?fB]fB]ZUt@]f@_@R_@?mE_B}@QoABsA]kDIy@u@aDeF}@eAs@Y{AUcADg@OaFuGYqBIoAByBCkBP}CGc@CkBa@wDA}CS{@ImAYgAKKw@wDGa@@s@IYCe@@IF@h@R^YXGd@q@lAPfAd@B~@h@\b@l@r@JAl@JPtEg@z@BNOPg@\e@pB_AZYp@U`@i@@OIQoAmAkB}BsAmBiEsE?Wl@{ADc@ZqAd@{EeEwCIY@iCIUyBIGMn@}E\}F?}@N_AToBL}BL{@FOJ?hDdBhChATGE?BCEOFK,2
2,Morning Run,5443.0,2057,2203,20.0,Run,Run,,14980782345,2025-07-02T06:20:38Z,2025-07-02T08:20:38Z,(GMT+01:00) Europe/Paris,7200.0,,,,0,11,0,2,0,False,False,False,False,everyone,False,g18631689,"[49.227963, 4.0409]","[49.228825, 4.042235]",2.646,3.5,79.6,29.0,316.9,494.0,311.0,True,650.6,True,155.1,176.0,False,True,89.6,82.0,15991591207,15991591207,garmin_ping_454893200614,False,0,0,False,14548647,1,a14980782345,wymkHsftW@?ACWe@MKEKOOe@{@OMQa@m@u@AO^_@Pm@R_@b@q@Na@`A_BZu@~@gBz@mBb@mA~@_BlAcCHGvAkCT[Jm@TaA@SIOa@a@OY[a@CMFa@^eADSACIEMDU?i@FwAl@ICCEEUZaCJe@D{@XwBNcAHW?_@Dc@FKLKNSh@uAHCJSLI?AiA{@MS}@}@AAM?[Qe@Og@AYDoCn@UJk@NSPsBpAMJQVQJ_@^s@d@q@~@qBbFe@tAi@hCc@hDQTOFOMI?Y?M@c@AI@U?s@Bc@E_ABICCGKk@Nq@L|Aj@BLAd@Fp@Aj@BHCD_@BERQVc@Vg@r@wEFUNe@b@y@Z_AXu@f@kBf@q@d@i@vAy@VW`@g@?KAEGIUQMWEg@?c@ZaBV{@Vg@@c@BOFINEP?VFLHVPTXF?HCp@k@V]Vy@Ve@Tk@PW\u@LeARg@T{AJa@Di@BaBGwBBk@I_@Q]WTSb@MRo@l@_@r@In@_@xB[~@c@v@IVGnBIh@Yt@S\OHY@C@IPCn@ETg@jAQj@Ax@Kl@E\BbABVDJ^\LRNdAT@ZUTIp@g@JCf@SNEDG^GLEb@G^Mf@Kx@CXDTJF@LJv@l@xAxAFBFFAHI@IPUHKRUr@Y^Wr@?LFP@NQ^MnAKf@OdBOr@W~BFRJ@\OLILEH?f@b@PTN`@GR@LBB`@x@XXNHDRg@~BcAlBKL_@p@U\KV_@l@MXKNWf@MPi@jAm@~AcA|B}AfCm@lAe@h@GRIj@_@h@,2
2,Afternoon Run,5712.7,2270,2554,22.0,Run,Run,,14921573972,2025-06-26T11:49:03Z,2025-06-26T13:49:03Z,(GMT+01:00) Europe/Paris,7200.0,,,,1,10,0,3,0,False,False,False,False,everyone,False,g18631689,"[49.253702, 4.045131]","[49.2533, 4.044677]",2.517,6.6,79.6,30.0,310.0,699.0,294.0,True,702.1,True,150.5,173.0,False,True,94.2,73.6,15926561731,15926561731,garmin_ping_452986229026,False,1,0,False,14548647,1,a14921573972,szrkHaauWAZHR?\Ax@EZ@b@Cx@?\C^@lAANCHc@Fo@Aa@DU?i@H{@Bg@CWH[@U?]Ea@?_@F_@?YHa@?a@LYDy@RmAf@QPMHUBIHGRUnAWp@Iv@BRGd@q@t@e@p@a@Z[b@MHEFCJ@J^f@JZPVJ\t@zAT`@B@@LKTSRU^[X[f@_A~@m@t@k@h@UXSNU^kBxBSb@]tASf@_@rAOr@Of@UfAa@tAG\CRA|@BdGETDf@ElABn@ATGRYx@Uj@CLBNj@n@JV\\JTVZz@pAr@z@Vf@PTTh@JNZ`@LTPJVXlCzDNLTBTALFRTBD@NG|@B`@Nb@HFTHLLDp@DRFDH?f@TXTr@dA`@f@bA~Ap@x@d@t@XZlBxCB@F?LWFGB?XP^`@Zl@Nh@`@l@z@bALTPNLZZ`@NX^f@NNRMR]BIX]Ti@R[HUJOo@QUEkDiAE?a@Sc@IOIG?q@c@i@m@O]Ck@KYu@_AYg@c@i@OWeAuAKS[a@a@q@c@c@?SNc@?Me@yBAq@ESe@mAKGO@CA[]M[Yc@EMEUQWGc@?mBF{APiCLi@HQf@[JMd@[LUPm@N]ZUNQp@]\_@`@Ud@o@VMb@_@TKp@q@D@b@YNULI|@e@NQ`@U`Aw@f@k@JCDGGa@IY?K@EX]DK@MGe@Sk@Io@Su@[_ACO@[FWXSjAkAh@]\[T_@\]\o@\_@RKTUXo@PQj@a@LQ^UTGpAm@PCLGd@[HO?WK[e@m@K]}@uAUg@UQs@_AQ_@S[AGBCJ?d@KRY^WAQWqAA_@QaAAWNEd@]VKLCb@o@Ak@Ig@u@gCQw@Su@E[So@SQc@SeAu@eAm@MCII,2
2,Dernier km de l‚ÄôAMT avec Mathieu Blanchard,1327.7,539,549,5.0,Run,TrailRun,0.0,14873451565,2025-06-21T18:40:58Z,2025-06-21T20:40:58Z,(GMT+01:00) Europe/Paris,7200.0,,,,0,10,1,1,0,False,False,False,False,followers_only,False,g23916411,"[49.880297, 4.827641]","[49.883172, 4.833631]",2.463,6.2,78.1,27.0,285.9,738.0,291.0,True,153.4,True,158.0,187.0,False,True,174.4,154.6,15874329637,15874329637,garmin_ping_451421187385,False,0,2,False,14548647,1,a14873451565,yfmoHw{m\G@@?AFDHBBJAFCJMXO\c@R@^PDEHSb@yDDiCDSL]Lw@Cm@WyAKYQ_@Qw@?]NqBV}@Jm@AOGOGu@I]Iq@Oi@AMKKs@Sa@Eq@Se@CWBEAmAFIDCB@PPnBEPGJGDU?]DOJu@VE@CLAv@KpABt@ARAX[rAGJKHMBS?g@`@a@DSHM@e@CGCIYGwBBaAC_@A{@KgBEeB?u@,2
2,Afternoon Run,1650.0,597,718,2.0,Run,Run,0.0,14872534603,2025-06-21T13:51:39Z,2025-06-21T15:51:39Z,(GMT+01:00) Europe/Paris,7200.0,,,,0,7,0,1,0,False,False,False,False,followers_only,False,g18631689,"[49.888594, 4.803289]","[49.874028, 4.804963]",2.764,3.48,82.2,30.0,325.4,438.0,297.0,True,195.0,True,130.8,165.0,False,True,162.2,151.4,15873329675,15873329675,garmin_ping_451394121395,False,0,0,False,14548647,1,a14872534603,uznoHoci\@}@Dg@DUFKLG^G~@CPC^?r@E`@DRCb@?`@BNAh@BVATEbAEhAK`BY|AQ|A?d@Jb@@`AJjAD^Cj@Qp@CXEn@Yz@W|@Qz@c@jA{@jAcA~@o@p@Ub@KzAS~@?f@CxAZLFRDDBH?XJBDXL`@JBBRDf@X?Aj@J`@?`@MN?PGh@FBHl@ZdAXBFTD^B`@F|@DH@d@@@?AFPCf@?NFZ?TC,2
2,Evening Run,5162.5,1966,2039,44.0,Run,Run,,14820678685,2025-06-16T17:32:02Z,2025-06-16T19:32:02Z,(GMT+01:00) Europe/Paris,7200.0,,,,0,9,0,11,0,False,False,False,False,everyone,False,g18631689,"[49.241366, 4.006792]","[49.241638, 4.006653]",2.626,3.5,80.2,28.0,324.2,460.0,321.0,True,639.8,True,157.2,174.0,False,True,109.6,80.8,15817218924,15817218924,garmin_ping_449783583634,False,0,0,False,14548647,1,a14820678685,ompkHmqmWBKBi@^eBLc@P[Z_@l@eAJMRIJLDRRvBt@xBZp@p@dADLp@dARt@BTAnABZAh@BTDRT`@RTPJPTXj@\|@PRl@jA?NETWn@AJLd@@n@p@rAHb@?\G\GPe@l@q@t@ERF`@JVV\`@|@FXd@jAV\JJRJ~@Xn@l@X`@Zp@x@pCNLj@NNf@Qb@CLNHd@M\Ab@Sl@M`@SPG`@?VITAXETFTBJEb@e@^[FINGFBJCT@PF\FLATIN?J@FFXL\JZELKDQAQQOWQSC_@Oe@Ce@GkAWi@AWK]?m@LkAf@YTSHu@n@cCfBGPBL?HIJK?IOSFa@@e@Tm@`@SFGF{@\}@XsAR]BwB?OBMFONS^GPE?UCOYGSC[KWEG_@We@SCEg@UQOYMq@k@CAk@k@u@o@IEiAeA}BcBYY[i@Si@oAgBi@eAc@aAQi@y@iCG_@GEAYGUCYK[MG_@HMD[XO?KKQ_@S_AGQS]Uo@CQ?g@WqAMa@IEK@QLMBGCIO]uAB]Pa@?UCScAsEWe@K_@MKGCQ?ACHi@?WGIg@W[Ga@a@GY@mAAKa@WWKWCMEUMSm@AUKm@DWV_AhA}CNCNBz@TJLL^\vA^tAN`@R|@CTGFNSANCM@DCFK@_AMq@QeAs@EK@MFI^QRS\OLEh@A@AT?HCr@g@d@Sp@m@X?D@TTf@~@b@hAFVh@fAf@zAFFJBLMd@_Al@w@b@s@b@g@BIB?^PNNHN`AhAj@~@l@t@NVNJb@b@JR`@h@FJ,2
2,Evening Trail Run,7216.7,3487,3816,283.6,Run,TrailRun,0.0,14789602806,2025-06-13T18:19:10Z,2025-06-13T20:19:10Z,(GMT+01:00) Europe/Paris,7200.0,,,,3,10,0,7,0,False,False,False,False,everyone,False,g23916411,"[49.191822, 3.943018]","[49.191865, 3.942478]",2.07,5.16,69.7,,270.1,493.0,273.0,True,914.8,True,158.7,180.0,False,True,237.4,168.8,15783501936,15783501936,garmin_ping_448795640067,False,1,0,False,14548647,1,a14789602806,{wfkHybaWBGIYIGI@w@jAMZo@lAa@~@q@hAMFg@QEAGDCF@JPj@?La@dAObAi@t@GDGPSRO\k@p@GNo@`ACBICOi@KGa@KM@CB_@dA]f@[t@?XFRHLL^?HCFyAzAKDU@g@b@u@`A{ArAiAnAa@XWJ[`@IDCFWLo@l@{BxA_AlAKF]Ec@_@MIK?YJg@N_@BI?c@Wk@{@KII?KJUh@g@x@SP[L]Ai@Mm@?qAMmABIBUh@IHIRAJSd@MNOZ_@d@CHAL_@r@IXSjA@BEJi@rC?LERa@nCKf@IR?HG^AX@NH`@AV\rBFn@@x@BTl@dELh@F@b@_@hAm@h@QbCwAH@NTLHd@JVBTA~@W`@CZQRm@\Yh@QROXGLOB_@KaBGQi@c@QG[[AGDId@GNGF?h@Mn@EZFT?f@HZBnAIPGj@IJEL?p@Mp@a@Z]JU`@aBVy@NYTY|@e@v@q@d@Yj@m@ZOb@c@RI`@[Te@`@gBNa@\]ZOTQ~@aAV[TSVQj@UROt@eAbAcCX_@ZMp@KZKvAMVGVWRUFQ\g@Pm@BWSs@Ck@@iCAaBD_BAu@Gy@?mAE{@GQEq@Ie@Gq@Aq@Ee@B_@FIHBAi@EWCg@Mc@Ee@GCDGDPBd@BH?z@JpB@bAHf@HpAHR@^FX?`CFz@Gh@@lACt@Dd@En@@LCTBx@CPVhA@RCBEKMs@Gy@@m@@IAg@Bc@Ak@H}@@o@Em@A}AI}AMcAM_BIa@EoBDJ@j@FV@\F`@C?AIOwA@GCM?_AIkB@_@BMJKLAHHFNDPDn@DX\n@?HKTANPd@Ex@Df@PLHNCRRb@PXD@JFDFMf@OhAI~AFNEVBNATBHFPPPFABDSxAQz@OXKj@[v@ERILE@GGKi@CsADwBCa@DeBEw@EiDa@cEEuB~J}BN?j@MYHU@EBOBECU?ECu@I{@]S@SFM@i@GE@GCu@Cm@SAEMJI?F`@FvAApABZBPAv@N~@NnBBJARFx@Ar@Bj@AZ@LCh@?b@BDEz@@FAX@L?ZETBNAnA@VJVH`@Sy@C[A{@DqAAiABu@?_AGsABgAEiAOaBIa@Ec@?aAEa@?U,2
2,2*6‚Äô @90%,5280.0,2064,2350,18.0,Run,Run,0.0,14769492609,2025-06-11T18:29:37Z,2025-06-11T20:29:37Z,(GMT+01:00) Europe/Paris,7200.0,,,,0,8,0,1,0,False,False,False,False,everyone,False,g18631689,"[49.2288, 4.042256]","[49.226124, 4.046591]",2.558,3.96,78.3,27.0,320.8,539.0,327.0,True,647.5,True,148.8,191.0,False,True,85.8,78.6,15761769286,15761769286,garmin_ping_448113937539,False,0,0,False,14548647,1,a14769492609,__nkHaotW@ODQv@iAf@gAl@eAf@_ADQ`@q@jCeGd@{@RSHSr@sAVm@f@s@r@sAPUd@qBBWu@s@OYGEO_@BUJi@X_AKCQBICKUAQZmBJWF]CQ[{@U}@i@mAASHk@Ra@NKHONc@F]LEFDJBHS@QaAy@yAyAq@[g@Gc@BQD_@BIF{@RSH[Fw@ZWPG@e@^_@R]COc@Ia@i@s@ESCg@Bo@TeAAWDk@Ps@`@q@LmAC_@OS{@m@c@a@w@i@OGMOe@]SUc@UUWKEWWNoATaAhA_HDa@Lq@l@sETwBT{ATuBHc@d@sDBg@O|@MpAYtBMtAeB`NqA~Hy@pEe@|CcAzFGn@UhAMdAK^CNSfAEV?JIVk@vDOp@_BhKMl@j@iDR}Ad@kC\yB^gB`A_GVaBJa@f@gDp@}DR}AHYBAb@Vb@d@jBvAZ\r@j@r@^NPJTB^Ax@GX[h@Ur@GdAQpA?j@Fd@JR\`@R`AFJHDN?t@k@~Ay@vA]PA^KLE@ELA?Cb@CPD`@?r@`@j@d@pAxAXPATKj@]lAADE?YIM@QRIf@F^^fANn@Zt@F`@?VSl@WrA?RNd@J|@CTKXCRFNRVLTf@f@FP_@zBYd@Gb@Oh@Y\QZ,2
2,La cisaille üòé,786.7,1802,1908,100.0,Run,TrailRun,0.0,14766970282,2025-06-11T08:32:48Z,2025-06-11T10:32:48Z,(GMT+01:00) Europe/Paris,7200.0,,,,0,4,2,1,0,False,False,False,False,followers_only,False,g18715007,"[49.088413, 3.6246]","[49.088208, 3.624408]",0.437,1.72,63.7,,20.8,562.0,50.0,True,42.6,True,107.1,138.0,False,True,164.6,147.8,15759093911,15759093911,garmin_ping_448057245521,False,0,1,False,14548647,1,a14766970282,qqrjHw|bUDK@?JUHGZi@@HYd@GFGRGBCF?BB@A@?IJIBMFE?GB@Xk@DAGNGHENIH?ACJSZ@F?EDKB?FS?BXa@HO?CBACLYh@W\?A?Hp@mAFK@@AHGJ?CMZEFAAMZIH@@@?DO@@FG@IJIFQNWDBC@ADGDMZY`@AFDCFQJKA?@C@A@EB?FQNU@FGPEBWb@EJIH?JBEAA@E?B?A?@Ra@\k@B@GNGFKTY`@@JTa@BCP_@@C@@DG?AAACLAAILA?CJIJAAITA?@CGLACBIAA@A@BBIDEMVAE@D,2
2,Evening Trail Run,10529.3,5364,5454,284.0,Run,TrailRun,3.0,14758878027,2025-06-10T16:19:04Z,2025-06-10T18:19:04Z,(GMT+01:00) Europe/Paris,7200.0,,,,0,9,0,2,0,False,True,False,False,everyone,False,g23916411,"[49.300267, 3.914685]","[49.300202, 3.913618]",1.963,3.58,72.9,,267.3,581.0,271.0,True,1347.6,True,157.0,173.0,False,True,187.4,99.2,15750327257,15750327257,garmin_ping_447751570610,False,0,0,False,14548647,1,a14758878027,s}{kHwq{VKRi@Ay@]OU_@DKS@P[OVJCe@V}@O[LKBs@[S@c@KKSqAQUCQFUZi@@]UFKS]CIQFkCOcA?aAK[Eq@D_@Ea@DYPGC]d@IN_@Gs@cBdByBrAsFrA{AJSIBQ\QHo@?PGB?X]LOb@[FSa@Ia@OkDHu@PWDSIi@Ae@Da@EyAOw@VaAIO_AM[XENQIsAR]XALg@R_@ZOAMi@QCiCp@cBz@kBXgAd@QGIWi@c@g@Be@[KW?w@Wa@oBi@Au@SaAbAyCb@[j@OD[{BqCy@cBQSYmAQ_@OM]_Bu@iAAQPg@Y_@Ki@[QSc@UOCSa@PYYGOG{@Hm@A[CQSW?Qs@gAYGIU{ByBQoAKK_@AOQQeAYBk@X]ZYd@^q@GKBKHAMFDPQ\R]`@YFg@JQMo@OKQACg@FU?QNa@?m@So@A_AMmAg@]GQEuAiB]sA@eCg@}CIu@_@}AQe@Ui@m@]u@u@eAE_AHoBCo@Oy@[m@uAmAyBeAwDiFaAScATh@I@Mi@k@I[[_@M{@KMk@EWRCVi@NQMWDa@MQAORo@QGZFf@EPNX@\Qx@QBe@MYw@Ge@[WqAI}@PSXIr@f@bBC`@IJ_@FcBc@{@Dw@v@]T}@jAK@Id@]`@c@@Yf@{@Ri@GGLv@jCd@lAp@X\\l@Fb@pAlAzA~Ap@VAj@a@J?dAnAdAv@^TZn@Jh@p@r@p@fAr@z@FR@PUv@WfCnAf@vAjAbCjCXl@DPE`A@[GWUNsArBERLl@dA`C^t@d@j@pCdF`AzAVVf@PpACj@TFTEr@qA~Aq@l@a@|@{@vGB|@FVTVbAf@dB`@l@MT[Ng@Nw@JiBNe@rDwCzBgHVq@PEnAhAj@RdADNQDYXoERUEu@Hw@l@Gb@?JJNEj@\PEH^DzIFxBG\BfBTvCA`BO~BBbB|B`Hr@bCt@tCHCz@h@t@Tf@TtB{A^c@zAkAp@Yj@k@\MV}@NRn@Z`@b@~@rBLJ@RZz@X|AV`CLh@@~@Tp@A`@`AX\p@l@l@LIj@iAr@cAfAsAt@qBECj@_AvAeAZKr@IvBHrA~@X\p@tAd@rAfB~CjDtDj@hA~@bClAzAlAh@jBJTIx@PdBJNS,2
2,Evening Trail Run,10427.7,4906,5094,333.0,Run,TrailRun,0.0,14717808356,2025-06-06T17:21:46Z,2025-06-06T19:21:46Z,(GMT+01:00) Europe/Paris,7200.0,,,,1,9,0,4,0,False,False,False,False,everyone,False,g23916411,"[49.191864, 3.942768]","[49.191867, 3.942325]",2.125,4.24,70.0,,271.5,493.0,282.0,True,1324.7,True,160.7,188.0,False,True,249.6,169.2,15705934980,15705934980,garmin_ping_446411982498,False,0,0,False,14548647,1,a14717808356,cxfkHgaaWEU@YGk@CA_@b@iDzGKJMBg@SGBAF@JP^BXi@fAK|@uCbEi@~@O@[q@a@IQB_@bAUVUd@K\AZ`@dAc@n@g@`@KPk@LMHq@z@gB~A_BfBg@Tg@h@yB`BiAp@WT[j@[Ze@Dk@c@SEwAb@O?a@QcAkAOHUXALWf@YVOXaBM_AAcAUgABa@`AIJIVKLERaAdBk@pA@HGPOfAi@nCGj@ENQjAIVGj@SdAC`@LZAl@Pp@NjABdBXjA^bDFHJ?pBqAjBw@z@k@NFLXr@Jj@?\MrAQ\y@LOdBq@NYBSOoBg@g@k@[KQDGdBa@ZAhAFr@LjACvCg@`Ak@Va@ZsA`@mA`@w@|@g@`@a@jF{DN[TaADa@Ni@\Yv@c@h@o@hAcAnAu@f@u@PSl@}Ad@{@vBi@jAKXIZY`AaBHc@C]Qs@AuBFuAAmADe@ImC@iAMkB_@_D?iAHy@IgAGKIi@LQL?l@XZA~@N|@GfCn@p@Aj@KLKFg@\s@j@iDt@mCHe@FILFRn@Zp@^d@l@|AP`Aj@fAf@n@NJH^b@~@XZ\l@Nb@PNLXFFFVx@tAVp@RPLf@PH`Ca@lEkAb@AXQLOt@_BZg@PSL[PMv@cAvEiH~@cANKdAgAfBgAV[Rm@LK^i@f@y@Ng@PQf@`Bh@pC?V^nC@^TbBVlDPjAT`CXtARf@Bl@JlARh@Hf@f@zAHJf@vAZ~AVZH`@Hx@Tb@Pr@JVHAv@d@\H|@d@~@ZPNl@NXNTBPLtAn@TDY?o@S_Ag@s@W[LYEGGE]SS}Bw@}@g@o@sBQeAKSKa@OYa@cBs@wA_@sAU}AUuBc@aB]kD[uES}@OmBm@cFy@_D]o@o@{@[W[IeCWeAE{BUqE|@_Ad@_B~@gDdAK?IKQq@Sc@KBQ`@O?Rv@h@|@Zz@z@tCJh@Fz@KbAEv@Ib@KtBTv@FZJVP~@^dAd@lB?RGJo@H{GdB]FQCSQc@s@EOk@[MQsBuAc@e@k@gA[Ww@_@kBm@_BMSIaACSFKPC^YdAEXIzAQj@[j@Od@Gj@OR{@x@UZU~AG`AGPEIs@?EIOsA@WH]AKIIYBGOCa@@q@GaAAe@Qg@GGUAEGKuA,2
2,Morning Run,4090.5,1689,1698,29.0,Run,Run,,14647874611,2025-05-31T06:36:54Z,2025-05-31T09:36:54Z,(GMT+02:00) Europe/Bucharest,10800.0,,,,0,9,0,1,0,False,False,False,False,everyone,False,g18631689,"[44.918112, 25.452536]","[44.918846, 25.452183]",2.422,3.24,78.0,27.0,303.2,458.0,301.0,True,512.0,True,149.1,171.0,False,True,292.2,276.0,15630744401,15630744401,garmin_ping_444058039200,False,0,0,False,14548647,1,a14647874611,eadqGiejzC|A\fCr@|AZVL|AXfA\vBf@RLZFP@TFLHb@Jz@Ft@VTJzCv@\Hb@Bv@PP@LD^DRFXGLKRyAFaAd@kEJw@Do@LiA?KLiAL}AVeCFa@HeAJs@h@qGN_AL{AJq@LoA@SL}@TgCTyA\sDF]@[Hq@HaA\eDPgCBg@?oCE{AIy@MkAc@iCg@aCe@mDKQKBOJSZ[r@cA|ASd@e@p@Sh@a@n@]t@e@v@O\?dAWVg@HIFQVaDbGaA|A[r@k@~@OZSd@g@~@e@dAENDb@Cd@KT]TILMhAWzCMv@]xAwAzD]x@g@zAOVgA~CS`@AVHf@AL_@|AEDWGINWz@s@dBU|@GNMNa@pAKRCHLRBPQ\?NA@CCFKDDADE?ACD?@FQAq@QUCaAYs@OCEu@SQMa@Qc@YICi@g@GCCGILCLBL^b@FR@d@MZDJTVV@JED@z@d@,2
2,Evening Trail Run,10411.4,4540,4803,204.0,Run,TrailRun,0.0,14613322236,2025-05-27T16:47:31Z,2025-05-27T18:47:31Z,(GMT+01:00) Europe/Paris,7200.0,,,,0,9,0,4,0,False,False,False,False,everyone,False,,"[49.191899, 3.943486]","[49.191905, 3.943459]",2.293,3.98,77.4,,298.0,500.0,300.0,True,1357.9,True,159.0,176.0,False,True,272.2,183.8,15593605859,15593605859,garmin_ping_442896182443,False,0,0,False,14548647,1,a14613322236,ixfkHweaWNE\V@z@d@tAKd@@Rn@pAZv@SWW_A]s@?WH_@_@w@GYAYDWrBJ|@GvBh@|AOHGLk@Zq@^oBFk@b@iBRo@Hg@FMJCh@fBVh@TN^|@TfAN^j@dAl@p@^hAl@v@d@~@NJP?bCs@|H{@fAdDL`AJNTbCF~DJ~AA^Rv@@RG^NdB@fAPxE?rAVhA`AvC^z@Hj@r@vBTbAl@bB?LGNQHg@H]V}D~A]\cAf@eBr@_Ap@gA`@gAOkAmBKBs@l@a@TM@GJyAz@aCvCUIOi@GEcB`AjAw@DO?WgA}BU_@Qi@_@u@OQOw@O_Bi@{BKcAq@{BKEKDkBrBiBxAwAzAMDeAoBMq@k@}AUYg@Ms@l@QXOHKTM`AQb@QTq@Xk@~@S~@_@^KTo@I_@SSY]GqBmBMBIHc@bAWlAm@~AExA}@zA@r@C\_@Zg@h@i@V]b@MXODB?AFLFf@h@HhBJr@JHXCPXb@TlB?xBCTl@EhATF~AYp@a@pDcA\C~EoARQL[LAAGVf@XbA^n@XZRFJEPLTrAt@lBV`@JZ^`@T|@b@hA`@j@h@rA\`@|@j@p@n@fAxAp@d@TXp@Nd@MfA`@TGd@g@B]FM\Gd@]`@m@zBcCrBgBv@EVUPe@REh@SXYhAq@`Bk@TYb@CVWZKjAs@~Am@h@IzAw@n@MNMT?|@e@|AgAj@i@ZaA?K?FGGz@z@V`@l@pAlAtDzB~D|@vBtBfDb@~@RN\Wf@_Az@gCn@cAT}@Xo@RgCG_AHcAFoCTuAWaAFeAeBGYMoBWWW?g@EQg@QGD}BCYEQWIY?a@Y}@MaAe@iBWgBkAsFC]Og@Ce@]aAa@gCYcAa@wC[s@m@cDk@_CM{@Qi@QaAKY_@_Ci@iCYA_@h@wAt@m@`@k@d@`@g@ZKLQb@YUWWJS[q@UUQSAOMODMEU_@g@WkBK[a@_@CWH]OaB^{FzAsCj@cAd@YVy@Tu@d@[FaAn@a@Pg@`@g@Rc@^y@X_@\Q@a@}@c@MMBGVMD_@Sc@?UOEKi@OU@s@G@[`@sCMy@Fe@Iy@k@aAq@aBc@o@I_@Li@AM[o@IiA[a@SH,2
2,Evening Run,9311.4,4387,4442,38.0,Run,Run,0.0,14594238313,2025-05-25T17:58:35Z,2025-05-25T19:58:35Z,(GMT+01:00) Europe/Paris,7200.0,,,,1,6,0,1,0,False,False,False,False,followers_only,False,g18631689,"[49.227704, 4.044046]","[49.22794, 4.038087]",2.122,3.18,77.1,,273.1,414.0,272.0,True,1196.7,True,139.2,155.0,False,True,94.6,79.4,15573004387,15573004387,garmin_ping_442258737383,False,0,0,False,14548647,1,a14594238313,cxmkHgztWb@y@bBaEn@gAN]HGVo@JOHEnAcCd@u@`@y@b@uBCQ_@Yi@}@GQASDQ`@yA?MkBJw@b@KBMIEYVkBJe@HyAHa@V_CH]?YHe@Vg@NOd@oANEFOPIm@e@aBiBu@_@k@K{@FaDv@}@b@wAdASEIKWeA]_@KQCUEaAJYJq@JSNo@Vk@?g@DO^MP@l@^b@^RIf@c@X_@Ry@j@cARe@Xa@La@Fo@Rq@X_BNo@@wAIqBBe@C{@\a@DMPOPk@ZYPc@@_@Gm@Wo@EIICKNQpAGLs@dCe@v@YNm@M_Ae@k@c@c@Ug@c@wA}@i@e@i@[_@[UOOCGDOlAMFENo@rEUbAMfAe@bCWfBWtAi@nDUbAIr@UbAC\IZw@fFU~@a@xCI\_@~BQz@q@nEWrAIr@Ib@a@rAOt@IZED_@|D]dBq@nE_@dBCZi@hCUv@GFm@fBW`@q@xA_A~Aq@t@_@j@e@PITe@j@}@|@UZqArA_HbIyA|AOJk@h@MTg@b@o@v@QNGJYV{AdBkAnAo@z@?ZGL_AbA{AvB[ZERNz@BFLj@NXNh@RTf@z@BJT\n@jADTNXPAX[vAgAd@g@h@a@LQLIXEZH\VhAtAv@v@J`@?RCXBPDLJN~@v@h@SPAh@]d@M`@SnCs@bAKhDeA~@QrBIFEz@HpCHj@UfAY\SDF?LDNLL`@_@d@[hAi@VGb@LvBbChCfDZZ`A|At@|@vAzBd@~@b@j@`BvCV`@l@pA|@tAJV`BtC`CdFLl@@h@CX@CD@HTDDb@GXHl@p@R\NJrAfBn@p@BLGl@DZKd@H^@?KYMOWLKTOJS\CNCTBn@ARMVKJi@GSDQIo@q@a@s@IYGOSWm@Se@[QC]UGKYKEIOy@OSMGOa@AWBu@I]Sg@Gc@GOASKMGo@M]?OGSASGIWi@E_@EiABs@Fi@Tw@Zq@ZQNSdAgAVg@HGt@WfA@l@UdBgBJQj@g@~@kAb@[Dc@?OMy@]iAa@aAI]e@{ASSYAa@\MA[L{@x@MD[@]Qq@g@WIOOqDsBIGIOEw@?eAa@e@SqCCuADq@Ga@?[Ea@FeA?SGOc@OIi@@UFQf@}@Ri@d@_A,2
2,Evening Trail Run,8236.0,3551,3582,123.0,Run,TrailRun,0.0,14543655592,2025-05-20T17:02:16Z,2025-05-20T19:02:16Z,(GMT+01:00) Europe/Paris,7200.0,,,,0,6,0,2,0,False,False,False,False,everyone,False,g18715007,"[49.191866, 3.942525]","[49.191892, 3.942547]",2.319,4.4,77.9,,295.5,535.0,298.0,True,1045.9,True,160.6,177.0,False,True,266.6,192.4,15518598204,15518598204,garmin_ping_440655702887,False,0,0,False,14548647,1,a14543655592,cxfkHw_aWHlAB|@DRJhAFHH`ACvA@n@Bl@AtA@^CLAj@@nA@b@Ef@@d@Hb@ZnAZl@r@d@f@`@XXXd@^z@Jf@\`AnAvCFXp@zBZnA`@zBPf@Bl@J|@L\b@v@^dA|@rARb@DN@X?XCFUXc@ZQJa@H[ZoAt@OP]Ja@Xc@PiAr@GAMQQEIJE^MFYIg@Ai@Ok@DSN[@KFMVWTKDmBh@a@Di@Ja@NYD[PUBa@RQ?gAX[LUPUB}@V]AEGAQDOAKEQ?g@CIGAYFm@Ie@Fe@GkAHWOQAGEK_@YHGAGEEUCk@@QI_@A_@EOKGqA@a@DUCWD}@C}BH_BG}@B?IVa@FUOaA@WLGdAItAY^@JE^WFATNXBTPBFPJX^d@d@Zd@RCh@y@VMx@q@NGTWDSCg@@UFGZy@POJq@A]Jg@h@sANs@l@cBBEFAn@`@\d@d@`@LHR?JHJPRNp@VZf@RPLVTP^l@t@f@PRdAdB?HFTTh@NRBVFRTZPLh@z@TP@BCPBHTZJDj@bBj@bAHJVHLCRXJT@VF\JLXx@Zp@RZHVVTNZJf@^hAJPTRd@hAn@v@n@b@~@`AJDNTJXNP^XVJTVl@VXQNAXJFGd@KH@NJHA`@a@EODKNIPARMf@i@JShAaAr@_Ab@a@PGPYRQTSRAJF`@SFGHYPMb@SRYNILWZUj@o@J?NHL^|AdCFRXf@`@d@Vh@TTH?^h@d@|@LLXt@b@n@JHn@hAp@~@NZx@dA`@v@l@x@N`@JLh@Sh@_@hB_AvBwAf@Sb@[TMNOr@[^WVIx@q@p@Yf@e@BWKg@eAoByAcC{AgDw@kAa@w@q@_BgAkDg@{@y@{@Ua@aBcBi@e@oAsAc@_@UY}@sBo@eAGYKUa@uAS]W_AE@WP_@D]VaAVONmAf@SPQBURYHIHiAl@aAZcAt@SBk@ZS@u@MKKc@s@MOKUGGI@gAv@[JORw@`@]Xi@h@OVk@l@UZK@SOKa@?_@a@y@Yw@e@u@M]UWAMSq@U]Wo@K{@Ks@i@cC[eASg@Om@QcAUa@{@mBi@mBUk@]k@[[cBqAWo@Sw@I_@AWDmAASFgAEgB@sBMeEOoAOw@As@Ee@?s@,2
2,Morning Run,3294.2,1385,1477,21.0,Run,Run,,14535720056,2025-05-20T04:39:45Z,2025-05-20T06:39:45Z,(GMT+01:00) Europe/Paris,7200.0,,,,0,8,0,1,0,False,False,False,False,everyone,False,g18631689,"[49.227986, 4.040986]","[49.226882, 4.040947]",2.378,3.04,78.7,,299.5,404.0,289.0,True,415.3,True,142.9,155.0,False,True,100.8,82.4,15510143725,15510143725,garmin_ping_440442236899,False,0,0,False,14548647,1,a14535720056,{ymkHcgtWc@s@OQMW{@kAKS]]EQ@GHGx@y@bAmBTm@dB_DJD\`@bA`B@@BALZ^j@pAbBHLBTERW`@}@fCi@bC}@bC@LDFRH@FAJ_@v@a@hAMh@Wf@a@vAo@xAOTERHZA\Bb@BVAnABJPRf@\\\XLBANBBDPJ@TMn@F|ABNXn@HJ^RDHRNXLN@XQb@i@HOPg@@QGaB?MFSAYDQlAyAPc@NQb@{@LQd@_@NEh@a@LIZa@NMBIp@o@PWBANS\[NWxAaBBKEcA@MImA@SJ]DCD?\Rf@LXATILEXW`@k@~@cAhAq@bA[NIDO?g@GoAS]US_@g@Ic@MkCIu@OkC?YKk@?q@Ge@[kFMQ[YOQmAs@g@c@_@S][eAs@GAUHQ@KHgAhD[r@W|@a@bAEVYx@Mf@QXSv@[v@qA`Ee@fAe@v@m@dB_@d@GNSv@]|@Mf@In@,2
2,Foul√©e des sacres,5019.2,1706,1876,26.0,Run,Run,0.0,14515328470,2025-05-18T07:28:23Z,2025-05-18T09:28:23Z,(GMT+01:00) Europe/Paris,7200.0,,,,3,9,1,80,0,False,False,False,False,everyone,False,g18631689,"[49.243421, 4.026583]","[49.243784, 4.026963]",2.942,6.16,82.0,,365.6,585.0,358.0,True,623.7,True,154.2,177.0,False,True,91.4,77.4,15487501268,15487501268,garmin_ping_439825019047,False,3,2,False,14548647,1,a14515328470,kzpkHcmqWyBuDIE}@eBWSe@s@s@cBWi@Sm@O]Ka@KQI]u@qA]k@SYMKIA]BYFMJ_AzA{@fBc@r@Wb@KXQTU`@Un@y@rAM\[j@UV[h@]v@y@tAO^W\_@z@u@pAq@`AS`@STUf@MLICIEIOWw@Mq@Sk@GYg@}AOo@Wq@]oASe@Oq@_@eAS_Aa@eAYoAc@{AKe@c@mA[sACYM_@IYKOKa@_@aAg@sB_@m@Qk@ICOAQG_@g@Q[_@gAIk@c@_BUcAM_@MKK@IFk@x@UPi@l@YPO@a@Ea@MO@g@`@e@j@_@XUTm@b@i@f@cB`Bg@n@IFCF?PPdAENURQLKNWL}@r@OPOHGIS{@g@cBAOBGTSx@a@n@a@JMFUBe@C_@D}@?mAFi@HuE?k@EmA@g@LiAFmA@}@G_BBWTy@ZW`Am@\[TGJG~BgBh@Bh@^^Px@p@LJJP\XV\^VbAv@PJf@b@x@j@`BvAHFJ?LEHGTY`Au@nAuAr@e@t@QhAe@`@e@ZSLSd@e@b@_@|@u@PKH?b@d@fApBf@rAZr@t@z@R^Pj@^z@Z~@|@zBVj@Pl@nAvCPj@x@lBTn@Xj@Z~@hA`CjBlFn@pAXb@JVn@|@P`@Nh@`@`APh@r@zAf@|@Xr@|@xAXr@T\,2
2,Afternoon Run,7785.9,3275,3529,55.0,Run,Run,,14500515779,2025-05-16T15:49:40Z,2025-05-16T17:49:40Z,(GMT+01:00) Europe/Paris,7200.0,,,,0,4,0,2,0,False,False,False,False,everyone,False,g18631689,"[49.226923, 4.040822]","[49.221258, 4.04131]",2.377,3.44,78.0,,302.4,401.0,298.0,True,988.4,True,161.9,177.0,False,True,100.0,80.4,15470866536,15470866536,garmin_ping_439322367329,False,0,0,False,14548647,1,a14500515779,gsmkHcftWFGAEBAAEF_@T}@Re@h@gBXo@DCJBJNHAh@@\Fd@?`@LZVdCzB`@T|@z@d@\NN`@Tt@z@F@d@\\LT@Vl@H@HEXYr@aANKPYf@c@B?^Wx@]DG\GF?FDOnCHKHa@H{@Ga@CEOGGUBKJOBQMsBUa@o@s@GQC[EqAMcBCiAK_AEqAG]OkBAa@IcAEeAGUg@e@uA_A[Wi@[_BoAOG[HGCIKAc@GMIKa@[mAkAQGa@]g@W]QKAIDENE\Ox@M^g@]o@iA?KBONq@Vu@ACGEYFCAIMEQ?GFc@J]ZgBEQ_@cAI_@s@cBP_A\a@b@uARGFUJCBEMGo@q@YQ_@e@m@e@c@W]G_@?YDuBh@S@SL]FGFy@^EHiAt@EAIOWkA_@_@KSGc@@m@@QNs@BmARk@Ve@JUDmABSNG\AJINUZ_AJ}@DsA\m@\}@f@gCF{@Ji@B_AD]EQKMa@Uo@g@YOa@_@y@e@oA_Au@c@]]OGM?GLMdACBEAGJi@vD_CbNcA`G[`C]bBo@dEI\Ip@k@zCiAhHK^E^e@hCKr@Ux@[zAO^EVUtCMp@K`@UfBsAzHu@lC_AfCyAvCg@r@k@j@?NLJHALId@g@R]HSV_@HQH[R[l@{ANU|@qDDITgAFe@ZwANqADGB?FBPNd@l@JCJOFYh@gAFGTs@\q@`@m@`@{@`@[r@aALMHWBCNAXAR]FSf@oDXqAXaAX{@|@uBBMf@oAd@y@v@y@v@m@Z]XYd@[\OfAs@t@W^GbAYXA~@SZ?ZFv@b@LRRN\^RXx@p@AFo@dCABKBIPGEOAM?Od@DV^bAFVRf@FZVh@BJEXUp@K\K~@@PLZLAHEJDCXe@|A@NPTVl@h@f@HIFK^iBHOPBj@`@h@Xj@b@FB~@r@VLTVLH?JM^?BDDBJGZ?JNl@BDB?@@VfAEPk@`@WVe@vAAPBPj@v@N`@tAxALHVHP@XLh@d@FNDd@CXUj@ARBJZZj@Zf@h@HAHQFO@[f@[NCH?BEBBP|A@z@Hz@BJRXn@p@DTJbBCVKL,2
2,Team McDo Run,5188.6,2047,2277,25.0,Run,Run,0.0,14477773806,2025-05-14T12:38:11Z,2025-05-14T14:38:11Z,(GMT+01:00) Europe/Paris,7200.0,,,,2,5,0,3,0,False,False,False,False,everyone,False,g18631689,"[49.243815, 4.028062]","[49.243859, 4.028128]",2.535,4.3,78.6,,318.7,501.0,303.0,True,652.4,True,157.8,184.0,False,True,94.2,80.0,15446576921,15446576921,garmin_ping_438602316656,False,1,1,False,14548647,1,a14477773806,y|pkHkvqWKFS\GVKDCAq@eAcAkBsAeDQm@QWAE]][_@Ug@MOS_@EY@UDQj@o@`AcBLEBBBBCNQh@iA`Cg@t@_@t@UX_AXOJa@PYVk@fAKZOPUh@m@bAWh@_@j@m@|Ac@dASVcCtEEFMDc@b@MZU\KJUZKXUVGBKWI@KJWh@SFMYKq@OUm@}BO[Ga@c@uAOq@Sk@Ig@Om@Yy@S}@IW[s@ScA[}@CSO_@I]?@a@wAUkAM_@GQQKSu@OUWo@KI?W[q@Ws@IO[kAk@UKKe@_Au@}BO]i@aCQIEBOTaA|@e@Xi@f@o@d@C?GIU_AI@[Pc@XOb@w@`AUPQBMHO@SJYZg@^SXo@r@@FIXItBoA`AILq@n@OACEg@qBK[GU?QBEJGD?^ODEHAv@i@HIHMDWE_BDoANgAA{@Do@Ao@DgAC]?@EG_@ZUJLMVSH]DA@uBF[B_A@o@Ca@LkAC]FSLWDWLSTSTKz@s@NIREZUb@SfAcADCF?HATKb@XnAbALRVVhAx@b@`@tAbADHnA`AzAxAB@BAFB`@a@p@g@NULKxAq@`@e@VOVa@RQl@EfAeAt@_@DINKLO~@y@^OHJxAhCZz@@HLGF@FDBZPb@PTXRR\Pn@Tj@DTZj@Xr@l@pBn@lAVz@Zj@Z|@v@~APb@Jb@l@pAb@vAb@fAr@pAh@rA^b@P`@H\Ff@HRx@rAZZJNnBzE`AhBx@tAF@DAXm@HW,2
2,Lunch Run,1532.8,541,554,0.0,Run,Run,0.0,14464720158,2025-05-13T09:47:58Z,2025-05-13T11:47:58Z,(GMT+01:00) Europe/Paris,7200.0,,,,0,3,0,1,0,False,False,False,False,followers_only,False,g18631689,"[49.228771, 4.042315]","[49.228676, 4.041975]",2.833,3.96,78.2,,332.1,478.0,371.0,True,179.4,True,153.8,184.0,False,True,82.4,81.0,15432792429,15432792429,garmin_ping_438223306547,False,0,0,False,14548647,1,a14464720158,y~mkHmotWb@_@R[^u@FWfAiB`AqBb@m@bC}Fn@kAZe@Zo@^i@Hc@La@Rc@j@{@R_A|@qFxAeGBU]vASpAOb@WfACTOz@a@jBS~AWfAGNKJMh@_@b@c@v@o@`Ay@zAqAtCOh@s@|AcAhBO^IJCJu@nAQb@_@d@KZm@d@?PVj@,2
2,Evening Run,2386.2,1011,1016,7.0,Run,Run,0.0,14457564352,2025-05-12T16:13:42Z,2025-05-12T18:13:42Z,(GMT+01:00) Europe/Paris,7200.0,,,,0,4,0,1,0,False,False,False,False,followers_only,False,g18631689,"[49.227642, 4.04416]","[49.226868, 4.040983]",2.36,2.9,76.6,,298.9,378.0,297.0,True,302.8,True,151.2,166.0,False,True,85.8,79.2,15425250353,15425250353,garmin_ping_437989849244,False,0,0,False,14548647,1,a14457564352,wwmkH_{tW^o@To@dA_CBMDCDOf@y@f@eARYl@gAz@aBr@iA^yBCOe@[KYa@m@AIBOZ_AJi@AGW@WDO@IBa@?e@VSFOCIOCQB]RqANc@@c@Fo@VwAHiALY?OCOIIw@]OSc@YQUQIK@ORUb@Od@EV?TVb@XPB?JI@M@OIc@@SJOFGN_@HOBANFNRNLXR^RFHFSDa@N[HCJK^iAJCFD^_@L@j@XFDTHj@Xj@`@FLXt@HlAAP[jAKp@Uj@Ox@[dAU~@E^M\BRDNXR\PF?ZNFHL?LTNN|@n@BXTVRX@R?Zc@vAQ^cA|Ca@fAQp@i@vAo@zBWl@y@fCk@xAs@|AUn@s@nAM^_@~@Oh@OdA,2
2,Course √† pied le soir,5068.1,1996,2126,8.2,Run,Run,0.0,14418284587,2025-05-08T17:20:12Z,2025-05-08T19:20:12Z,(GMT+01:00) Europe/Paris,7200.0,,,,0,4,0,29,0,False,False,False,False,everyone,False,g18631689,"[49.218794, 3.986776]","[49.219497, 3.986498]",2.539,5.66,,,,,,,,False,,,False,False,88.5,80.2,15383631073,15383631073,FC3E9A3D-CA7C-4071-99B1-BC83F8DEE58E-activity.fit,False,0,0,False,14548647,1,a14418284587,m`lkHitiWSB@MGMk@g@q@aAGE{@mBQu@YoBaA{FQ[KWq@cAYi@M_@BU?MBWLk@@YDKFe@Ba@Fa@PoBNkAVqCJuALmADw@CYuCwCu@k@q@q@_@Wo@k@EIGCEIs@o@OQUOm@q@S_@iAw@W[CK@K\qARk@Xe@Vy@BSGSc@c@QIOOOWa@a@UMg@c@QGIBe@d@Uf@{@vCEDIAo@g@[k@k@kBKQCU]oAGGG[a@mAQ]S[o@g@q@c@EAG@Ql@WlAEJKn@IT]rAa@nBe@jBm@pCq@fCEXEHc@tBITWnA[hAALi@vB?j@H\?f@Pp@\n@TRt@`@|C`AR\ZHDD|@HLHb@Dv@Tf@FXHNCLKRcBNo@h@eBT_BR_C?OPwADYVm@`@]HAHEFA^DVNJNB?^p@f@h@BJCZEJ@f@X`Ab@jBTv@HR@LbAdDNn@f@hBHd@FFNn@l@lBPv@Jp@?X@PAv@CD?JBN?TM~@O\QVg@XYZELQl@Uh@Qn@EJ]|AGHa@xAMdAMXOt@ITGHSv@GZ?RELGz@SzA@L_@fEKr@YbDIb@CV@LDTHJVFBBPDFFR?PDFVA^Bv@Ld@TZj@X`A\RDLGDSFiAJcANgC?QH_A?OISCS@UBULWFCJARFLHTBRFJ?XKl@ENENCVKF@vAc@DGBMAGLi@Zs@FUb@y@VaA|@{BJ]@CBMBCB@@CD?JRAXDFJHF??D@A,2
2,3km*7,21152.0,8588,33239,110.5,Run,Run,0.0,14386815636,2025-05-05T08:00:03Z,2025-05-05T10:00:03Z,(GMT+01:00) Europe/Paris,7200.0,,,,0,5,5,1,0,False,False,False,False,everyone,False,g18631689,"[49.227817, 4.040979]","[49.227457, 4.044273]",2.463,5.06,,,,,,,,False,,,False,False,93.6,77.2,15350656555,15350656555,5B60E8B6-3455-4FFE-A71D-3F9A967F02A3-activity.fit,False,0,0,False,14548647,1,a14386815636,yxmkHagtWi@ScD_F~@cAj@yArAuBlEsJnBkDT{@lBcD\aCyA{Bf@qBAWwDd@f@qFp@uEoAcAoA}AGHw@pBCv@|@^CuAr@kAlBpALZo@vDo@xG|Dk@BRi@xBnAjBBx@QhAu@xA?T}ClEmDnI~F|IaArBcAhEgCrHp@eCyAwCzAzBTE`CsI~@cC}BwC_C{DrB{FxFiKd@cCo@o@g@cAb@iCmDl@MKjAkKRo@CWwCeCiAdB?x@n@l@RYIkAh@_A|BtAr@aB`@kAVH\e@rDhBTbAHxAyB|IUnB~CnBT~@d@Jf@|@YvAmHtTiCjG}CoEBTmB_DgClF{BxC|C~E_D{EtBwCpDaH`BaE|CuFV_A~@cB\{BuAyBj@eCg@AMg@p@qD}AqEuCaCk@\_@h@EjAh@h@NE?uAn@gAtBpAhAwCh@ETg@tCfAj@f@TjAjBR|EtCVd@@b@cQhi@iEtJmA~Ey@nBiAuAkFqI|@{@bFuJPaAfAqC|BsD`C_F^_CyAqBf@oCiDx@SQbBoMeD_Cw@fAMpAj@f@VOCqAn@aAvBbB}AbMLX~@a@jAEI}@l@sC_BmFLq@\_@b@Nd@qBTYlDhBZdAFnAeCfK_@tBIdBu@pDq@|AcExGcGrMeAlBcAjAtAjCx@|@qCiEjAoArE{I|F{Lp@}@pEwDz@wBzCcK`BkC\PC_AfBaKr@aCFs@|AcEr@y@lAe@Nk@vAqAdCN\i@`Bs@lC{C@y@h@gBRaBTQRq@vCg@d@dATEVdA~@Tj@f@XChAeDnAiATJb@UtBqFEs@OONm@QeAIOwqA|_CaDaF|@aA|EaJ|A_EtCqFh@y@zAsAWs@`@_CyAmBd@mCkBLaA`@Q[|@qHh@kC_DcCUFm@hAI~@v@l@JWCkAh@{@ZJzAfAnAxDR@K\PVw@lDN`@gCb@OO@q@hAwIVs@I]r@wA`@oAb@FPa@vDhBVx@F~Aw@rCYhBu@rBUzAnBpALf@jA~@t@PPr@qJbZcBpDeG}I{DbIlG~NAl@~ClBFQEoD~@r@l@Y|CpB|BiCrAw@E[eBsAAQb@mDpBkGwBoBaBfFAXZp@dA`AErAcEmCWLYOk@kABq@pFePFiA~BkHCi@o@aAyDaCSk@Hy@dCuKKmA[q@oAoAyAk@a@h@_@E}@tBeB|NRPpAa@vACg@dCjA`BF`@u@xDoD`GaDnH,2
2,"Aller-retour salle, retour difficile ü•µüò≥",4055.3,1629,9415,20.9,Run,Run,0.0,14345021316,2025-05-01T12:19:03Z,2025-05-01T14:19:03Z,(GMT+01:00) Europe/Paris,7200.0,,,,0,5,1,1,0,False,False,False,False,everyone,False,g18631689,"[49.228288, 4.042862]","[49.225344, 4.047308]",2.489,3.72,,,,,,,,False,,,False,False,93.6,80.3,15306664141,15306664141,3702A0B2-7604-4BD0-B463-FFE1B16B4EBD-activity.fit,False,0,0,False,14548647,1,a14345021316,w{mkH{rtWXy@NQHUXe@Vk@p@iAj@{Al@oAPg@`@u@Vo@JMTg@JOBK~@aB`@q@^YVOn@k@HCd@a@DCl@e@VWHOd@{ADo@bAqCn@{BP]DQn@mALKR]^q@HCBDDABCDm@La@?OHk@La@@OAMRu@V}A?KDGDS@Yn@mBFYDMBYZcAJOH[Ti@BMZw@TYRQDATM`@KLIHMB[DEFEhAgAJCz@HNGL@JLRBLKPe@TCDCHALMLCZSJId@m@HIz@oAP@FEBE?_ARm@Z_BJs@DINIJWFWBCNGJ?DCF?NIF@h@O^GH?JJJNH`@F@DAFBJb@JTNPL?NLPBd@VFHD?DFLAJKNy@N[Nk@Ze@HENSTQVMR@RELOJU`AkC\u@J_@?GGI@QCIII?ChDmBwC^CBBXAVALKX?RLX@J{A~DEHQ`@MLAFE@UAOIOROH_@f@GDMh@cA~BOBGCWQEIk@]KMQAEGI?OIKMYeASUICMFI?MFGAqAZGDQf@GDUVCF@NMdASv@Wp@?JBLG`@SNI?CBeB~B_@ZI@KHOBa@PGDENODM?OOGA_@F_@@IAQBMJ[ZIBk@h@?XGHG@EFa@LMJQFe@h@IDO^c@jBy@zBG`@[dAEj@Oj@A^Qz@a@~AG`AOp@?RBVILUGIBq@nAa@d@GDU^Wj@CR]bA]x@Mp@Ub@CTQh@Cf@Up@?HSl@a@`@YPURMNSN,2
2,En nature üå≥üçÉ + 20 tractions ü§£ bby Hyrox,3550.7,1470,1532,34.2,Run,TrailRun,0.0,14334517054,2025-04-30T16:21:34Z,2025-04-30T18:21:34Z,(GMT+01:00) Europe/Paris,7200.0,,,,0,3,0,1,0,False,False,False,False,everyone,False,g18631689,"[49.22622, 4.046557]","[49.226333, 4.042609]",2.415,3.68,,,,,,,,False,,,False,False,85.2,77.2,15295701527,15295701527,4C7B24EF-FC92-4E9E-886D-F8B94E862424-activity.fit,False,0,0,False,14548647,1,a14334517054,{nmkH}iuWTg@JOVe@~@sADg@HYNy@EOUKSUo@iAWGo@s@I@Oj@OXYdAe@jAGd@Y|@OAMK[ISMQCWKGAMIK?OIOQAQFKLKXIPSJGLMt@c@LC\STQN_@Ps@Be@RkABIFi@FWJyARy@@c@DYHe@JM?OOOMUKAaA{@QG_@a@EO_@x@c@t@Gl@?NDJv@p@BJAHKRKJCLMPUPOVs@z@MVSXq@n@a@l@Kd@L`@?VC\Kn@?~@CRGDCPFDLGH@LI`@_@l@a@j@It@aAJo@|@aATu@P}@@_@H_@Dc@MQe@oAQ[ES?KFMEcAXa@HS@O?KMUKIAOKFDBA?CB@BDFJ@FJb@Vz@t@PFZV?LK`@ShBQv@IxAINCf@Q~@A^Gd@Wr@[^WHONI?YNYXe@Rc@XONAN@VL^b@b@Nh@NXRTL^NB^q@Tu@MOs@]UCc@Mg@UGEAEBIH@FC`ADF?FC`@BRC?OEGWQIQOOAUDI`@OH?HVT\FPFDN^F?NSZkAFA`@LV?`@FP?HAH@FEBSFDBNJPb@b@@D?LIJOhAK\CXMZMNK`@MJa@r@[`@GRu@fAGPW^a@x@Wt@k@rAKf@O`@MPERd@l@n@fANPj@|@tAnB,2
2,Course √† pied de nuit,12015.6,5231,5243,46.7,Run,Run,0.0,14306457804,2025-04-27T19:06:12Z,2025-04-27T21:06:12Z,(GMT+01:00) Europe/Paris,7200.0,,,,0,6,3,1,0,False,False,False,False,everyone,False,g18631689,"[49.203736, 3.930306]","[49.227913, 4.040946]",2.297,3.76,,,,,,,,False,,,False,False,218.8,80.2,15266347344,15266347344,67A68502-C1EC-4613-8E13-908094D8BE8F-activity.fit,False,0,0,False,14548647,1,a14306457804,ibikHks~VhEA`@Gz@k@n@I\yBDCJq@Tw@`AoB^k@Ra@LKRi@Rs@Fe@BaAOqA]w@[Em@[k@AGBMG_BKIu@BsAJc@j@y@v@i@b@g@f@_@Vy@@qAPgDCg@Bo@C]Qs@S}@Ui@Q]SMW_@_AgAw@c@oAqAk@w@kAsBCKOOOWg@g@w@mAy@eAmAuAm@}@oAuAw@kA{@aAyFiJWs@MSAIqBeEgBoC_B{BeAkBi@kAuCiEu@_A_EmDmAwAwHqKS_@i@q@cAaBMMk@{@}@aAoBkB}AsAu@y@m@a@GDM[}A}Ac@aAm@yCa@{@m@{@YUs@WeAJMGo@oAi@o@_BuCCM_@c@u@uAs@eAcAw@[YEQa@_@Wm@Oe@e@qJEuAYwEA}@KgBKuCe@_IKu@wAyEY_Be@aF[}B[wE?gBl@cGXqFDoEDaAAg@HeB@kGFuB?iAJWBSTqGSuABsAGqBQaB@m@Gm@Ak@GSw@cAUi@y@g@iA[EOViA?MHSJs@t@sC@EGIF@Pg@NGLu@JUlAaAV}@JsA?oBc@}A]QL@?WKQQaAsBoHe@cCa@aAE[Uw@QaAG[A_@Jc@fAoBb@gAFyAVi@Fk@z@cDHi@Zs@dBcHHa@Ei@B]Pg@XIL[dBmGP]D]p@kCVi@z@cD@WIS_D{FsAuBwBgEm@_AUe@C]Oe@Wa@?IQ[Qe@SUMa@k@s@eAmB\oBpA_Fj@oCZaECa@@Ol@{AJi@T_@pBqGn@cB\aBBYGO_@a@?YIg@?OBOd@u@Pi@TmAt@}BVsAXcABm@Kw@Cq@GQTo@@QAKIOUUcBqAeC}BmCoBMQeC_Cy@o@OYUOo@w@i@e@oDuEQy@@o@Js@ZaAH{A?i@EOOQUe@{AwAMUG[?a@D_@NWLy@|BgCr@k@DKBg@Eo@Uw@O]UaA{@cCOUeAHc@^s@x@i@JaAe@aBiAa@Ok@[WUc@S]m@YKEMGu@AaAEQEcGI{AYa@g@e@UO_@@WOIYDK?WPc@^MTWf@}@Tk@`AcB`AgDvAyDJg@N[\gAPeAd@wAd@qALQPe@B_@_@m@][GOiAeBiBcCMAqA`Ca@pAqAzByAxAULU^iB|ARMd@o@fA{@h@m@XXpBzCZVTj@D@?I,2
2,Course √† pied le soir,5407.0,2176,2246,17.7,Run,Run,0.0,14264662437,2025-04-23T16:50:18Z,2025-04-23T18:50:18Z,(GMT+01:00) Europe/Paris,7200.0,,,,1,8,0,1,0,False,False,False,False,everyone,False,g18631689,"[49.228107, 4.043207]","[49.227232, 4.044684]",2.485,3.88,,,,,,,,False,,,False,False,93.6,80.2,15222615048,15222615048,6EB9409B-51D6-41BF-845D-A65A84BEC7C6-activity.fit,False,0,0,False,14548647,1,a14264662437,szmkH_utWv@_BDKFCdAqB`ByDvC{F^k@TUZQfCuB^WPYN_AHc@HQBYFGFWV_@DQBUPc@Ru@p@oBBUDKXa@\]HSLI^q@HI?GGOBMTUAUJa@BWAEFWP[@UDGLk@HeAHYHs@Pq@JU?MRe@RSRa@By@DWPDDEz@iCVe@RSh@UP?NGJSDa@tAmAVAPBN@FAVBLGD@HNN?HEHOFSb@CTSTMBGVKRQ`@g@\YVa@BKJAHIDSAk@@MTo@P}@FOH{@FKLEBEF]HSv@OPI\EHCN?RCPLHRFVZH@NJ\PPJ?FHfAt@HBR?BAFKf@gBVs@\m@Tk@BELE@EBF@TFFFALBLAHIt@eBXu@BMPi@Vi@?KEI@KAOCGIG@IHQ@UAMAEMGN_DH[@e@GK[_@IOEe@CGe@e@Yg@c@k@a@]i@m@ASWc@s@}@SMS]USW]CKAs@x@_CFUN[DUAQGSQUwAyAa@g@SO_A]yAa@y@YcAYm@UWEq@YQCURo@~BSfAIl@]fDU|AEr@Kf@a@bDC^B`@DJLN@DGPAVAFM?CCOFEHMdAGtAWrBQt@Sj@GB[d@Ql@[p@Y|@AJUx@Kp@WlAo@xB[vAQr@M`A[vASp@a@~AOd@Q|@Y|@c@tBUt@MLGLCf@K^YdBGRQ\Y`AOXc@fAC~@Ol@YbAALOb@EXO^ATQp@Cd@KPYfAEHEXUfAIRq@vCMp@YdBMb@Mv@EJe@jCUf@AJUb@oAxBELED]l@Yd@_BlDw@rBa@t@O`@GHo@jAJEBM|AyC^aARc@IJMFDNCD,2
2,Course √† pied dans l'apr√®s-midi,4011.7,1596,1737,26.0,Run,Run,0.0,14241600044,2025-04-21T11:55:42Z,2025-04-21T13:55:42Z,(GMT+01:00) Europe/Paris,7200.0,,,,0,5,0,1,0,False,False,False,False,everyone,False,g18631689,"[49.22746, 4.039528]","[49.227659, 4.040566]",2.514,5.3,,,,,,,,False,,,False,False,95.3,81.9,15198537759,15198537759,6C1171DA-2D59-4135-97A4-90C4E4FFFFD7-activity.fit,False,0,0,False,14548647,1,a14241600044,svmkH_~sWOZI^Ud@_@jAMRKZEDERW^cA|B_@j@]FWZOr@Zr@Yj@GRMLg@t@QNWVKPi@n@e@x@K@WRUL}@v@cAr@MJEFWNEFALBJJDBA@B?PVd@Lh@f@j@l@~@P\Tt@Xn@RTFNALABACETDBR@BLf@z@X^f@~@PTRFRAPH@F@XGPKD_@\Sb@_@^EJBNGB?F^Lj@r@VLPPl@r@F@LIHAX[JEBGEIGAU`@SRW^]V_@h@e@^q@dAWRc@f@IDe@j@s@p@MNEb@DVDdADNA`@TLZDFKLg@Jd@AJEJIDBBHCD@HJNFFJNDFFLBFF\JLHH@LNf@Vb@ZNBj@d@`@VH@r@f@F@HHH?LNf@P^Mh@[TS@ID}@AOW{@O{@KWQeAW}@GQOOG]vByJF@d@_@N[NOLIPEBCFCDG`@DX?PA\ITSNUNKTWRMDKjBqB`@WTUJU?i@SeA]{@Wy@Qw@O_@G]Qe@D[AMGQ@WCQ@[IcBEc@?i@DKJEHMNKFIHEb@g@FE\g@Zm@^[JSNEP[^i@b@_@Xa@XYLUTM@GEWKO@INWH_@Dy@I{A@u@CU?]EQA[CcBO{BAg@BO?WIUGOMGKOcAy@gAgAWQi@i@k@]GKICMQq@k@W[UQCEm@e@[c@QKMFw@hBU^y@dC_@nBSj@Y`AMZOFQOu@kA,2
2,4x1000 2‚Äô √† jeun suppl√©ment galette,4615.5,1906,1961,10.6,Run,Run,0.0,14114149220,2025-04-08T08:35:31Z,2025-04-08T10:35:31Z,(GMT+01:00) Europe/Paris,7200.0,,,,0,5,0,1,0,False,False,False,False,everyone,False,g18631689,"[49.227765, 4.035879]","[49.227614, 4.040552]",2.422,8.44,,,,,,,,False,,,False,False,88.5,80.2,15065327778,15065327778,B2450409-385D-4FE9-8B58-218EC5855EAE-activity.fit,False,0,0,False,14548647,1,a14114149220,oxmkHegsWUGIGe@{@E_@Oq@Em@^FCWNd@Fq@DSGy@Qy@Vk@j@{ABc@?{@F[HOb@mA\{AK[AOQWYu@[]m@y@KUo@eAOM]o@_AoACIBGTMp@w@pBeERW^y@p@eAv@yBVi@H[`@u@b@u@f@eANOVk@NMTg@TSHM?_@@Id@y@Lm@PeA?Kh@oCHi@Tw@^gBL_@RyA~@aD@]AK@Y?APFBa@HSFWHKJq@Nc@JeAFSA}@COBIJQFUZ_ANYZw@l@qBViA^u@`@yAPa@Rs@De@HYJu@j@mBNw@Rk@@QNw@Fa@\_BLc@Jg@`@iABUb@qADg@ViANo@HOEAQn@O`AQ|@yBnIGv@M`@Gb@u@lCY|AQb@Kd@IXKPC`@MZAPQd@E`@K^UZALIHA^_@pBEb@CPSZYbAQ`@KZC^Mh@_@lAMRIX?LEJEZM`@BDL?DDZPHJJ@DHh@XXVj@ZLNLBf@\n@T@DLH?`@BRE@GX[p@Il@K`@Qh@Kb@Wh@E\K\AXDHCH@Ak@`BQv@QZMb@Sb@IZSd@uAnEy@vB]pA[|@Wh@a@|A}ArECVH\ADGDEPK@GFSf@Wb@}@pCq@hBERO\a@zAw@~BWj@ALSj@CHKXOh@Yp@KAAG@IHQFYASHs@FI@K\}@Xs@ZkAEQEACCFK?GQYKIIQCA?BMW,2
2,Course √† pied dans l'apr√®s-midi,3516.4,1508,1547,28.2,Run,Run,0.0,14067922565,2025-04-03T12:30:46Z,2025-04-03T14:30:46Z,(GMT+01:00) Europe/Paris,7200.0,,,,0,4,0,1,0,False,False,False,False,everyone,False,g18631689,"[49.228609, 4.042443]","[49.226735, 4.041475]",2.332,3.6,,,,,,,,False,,,False,False,98.3,77.6,15016843594,15016843594,E17AD64A-69BC-4AB6-BE92-5FD2B6161589-activity.fit,False,0,0,False,14548647,1,a14067922565,w}mkHgptWLIXu@HGAUPS\m@B?Ta@HYPUd@aAZg@Rg@LSdAoCf@cAv@}Av@oAPa@Va@FE@[\u@LOR]@WX_B@KCIMKUWYc@Oc@RsAPq@?CECKFSCI_@AKHg@J_@PcA@YGMCMi@gBK_@GMMe@SYc@Ug@g@YOEDEZ[b@ELHj@EZOHKAMMQKIOAOFo@P_@LQL]BMCSDe@RKRENEZ]NGFKHc@?U?`@Kb@ULOPWN_@p@DFDPRVTHRTbAp@NNDJ?NGLa@xCGl@Ex@IROdAEJCPEf@BTFDVERI@CHA@C^GVGz@GFB?RGLGb@Sj@CVZd@LZd@d@BFEd@IZKn@@TDLFHN@p@]pAaAHML_@B]R_@f@TJNVJJHD?VLJNDN@PAPBJl@C\RVTXHZZPD`@b@b@R`@\NDr@r@LTFd@Bn@DXDtAHz@BdAFX@VDN@j@LbACXL`AA`@D`@?l@Jl@l@z@JZHFD`@Jb@?j@CXGHO@a@HYRI?KFUPa@TYTm@p@[`@QL_@VQDS?aAa@s@i@mAkAg@_@QSy@s@GC_A_Au@m@QSo@a@o@o@S[YYIASFWx@Q\QROXSp@AHILQj@,2
2,Course √† pied matinale,1733.1,720,723,4.5,Run,Run,3.0,13934132007,2025-03-20T09:43:51Z,2025-03-20T10:43:51Z,(GMT+01:00) Europe/Paris,3600.0,,,,0,2,0,1,0,False,False,False,False,everyone,False,g18631689,"[49.255535, 4.027033]","[49.256262, 4.026594]",2.407,4.74,,,,,,,,False,,,False,False,83.3,78.6,14873394037,14873394037,3D9F615B-F825-4E1E-868F-675A275CC343-activity.fit,False,0,0,False,14548647,1,a13934132007,afskH}oqWMDKN_@XOBCFURKBSLG?EBCDk@XK@GFG?i@XKTOLEJC^W`@ARIN@PFPD^PPN`@l@v@l@dA`@h@P^dAnAx@pAHDN^FDDRAJ_@x@?LTVDXDBHPZb@\p@`@j@VXVd@lAbBFJNLVb@HFDLD@^i@L_@DEFSR[FUJUP[LGTYFY?SEOKIQEeB{@_@GWBUDQh@E\GFUMi@I[AICs@]m@c@MSMYIMGUAIXa@HWAQa@g@k@}@EKIIQe@MKc@k@GO_@_@KSWYKUUSo@_AUa@IWCm@FM@[Le@@[DSTWDAPMJCTOVEDE?@VSPIBI,2
2,Course √† pied dans l'apr√®s-midi,2018.5,819,841,2.0,Run,Run,0.0,13786076850,2025-03-04T12:56:44Z,2025-03-04T13:56:44Z,(GMT+01:00) Europe/Paris,3600.0,,,,0,4,0,1,0,False,False,False,False,everyone,False,g18631689,"[49.231258, 4.040194]","[49.228687, 4.04196]",2.465,5.62,,,,,,,,False,,,False,False,81.2,79.1,14713629965,14713629965,DDF37C38-01F1-4660-AEC7-41AC9CDC3138-activity.fit,False,0,0,False,14548647,1,a13786076850,innkHebtWCEWBc@X_@Rg@b@kBrAc@Tg@\_@PEFYNILQJCNEBIAEHE@GLWDEFI@g@^WLIHSJYVMB_@VU\IFY^i@~@MJIR[ZCJ]j@iAhAWNo@h@U^EPYb@QJeAdAMFSVKFK@QPOJc@PO@A@BDFDJINA\Qb@c@FAXUBIv@o@NQH]\YDS\g@\[HCf@g@JEHKFMFAFMLK@ELELQHCNa@FKHSFGLYFCRa@X[DCFOX[v@_@\[|@q@d@UFEXKHKPG@IJDDA@IBIPO`@W@C`@STSXOTSDAHI`@SHONABGZMbA}@PID?v@o@j@WVU\KpAmARGLKd@Sr@q@FK@GJKJCZ[F?TMVa@`@?NZJD,2
2,Course √† pied matinale,2109.7,1028,1142,0.0,Run,Run,0.0,13702348496,2025-02-23T09:32:49Z,2025-02-23T10:32:49Z,(GMT+01:00) Europe/Paris,3600.0,,,,0,5,0,1,0,False,False,False,False,everyone,False,g18631689,"[49.228595, 4.041827]","[49.228732, 4.041977]",2.052,6.34,,,,,,,,False,,,False,False,81.4,79.4,14622638690,14622638690,907A36C8-666B-4112-A3E2-A8ABEE4BF868-activity.fit,False,0,0,False,14548647,1,a13702348496,u}mkHkltWIMCKOME?IG?GECFQZa@NIT]N_@LIhAeC~@_Bn@oAZw@J]P[Ro@FGFQB[BMT[La@HIBIJIDUDCB?Lc@@BBAXi@POJULIf@aA@CEI@ETWDK@@FOFGRkAAEFMJe@HaA?@DE@GFm@He@j@kBJu@T_ABUDIOd@[|AGNKn@c@pBE`@i@bCUrAGFg@lAa@v@a@h@[l@GBIN[t@A?g@p@cAfCKNc@lAQZA?KPGDKTGHGVYr@mAxBORGVMTMJKPOLGL[d@e@`@_@h@a@`@g@^MBABKDc@h@}@r@SFk@ZoAz@A?CAGDAABDVMx@u@z@m@LEh@]LEHI@E?@JADC?C\WLM@GCA?@VSPYPKJCRQFA\SHDBAHFJP,2
2,ü§åüèΩü§åüèΩü§åüèΩ,5195.5,2551,3557,120.4,Run,Run,3.0,12038325772,2024-08-01T17:31:04Z,2024-08-01T19:31:04Z,(GMT+01:00) Europe/Paris,7200.0,,,,0,2,0,1,0,False,False,False,False,everyone,False,g18715007,"[49.156327955424786, 4.150541760027409]","[49.15839157998562, 4.1513042617589235]",2.037,7.835,,,,,,,,True,150.8,166.0,False,True,286.2,209.2,12832944122,12832944122,27486D6D-0B8E-49B1-BE21-9FA086B3DDD7.fit,False,0,0,False,14548647,1,a12038325772,_z_kH{siXHH?LW|ACRBFDCP_@XURc@TYJKXEDEDSBYZcBHy@T}@Ra@NMZS\KfA@fAVT?f@Hf@JRHp@Lp@Hj@@TFd@@h@LVARB`@Tb@HR?LGACa@?YEo@W[Ai@Ia@Ca@M_@?GLDZ@TJf@@z@FLRLJ@DAV]\SZKPBXJZVRv@NFHFCFJh@PPDLX\PD?UFINCJG^_A@MAOOIKKPRZRt@l@p@CTBXH`@Gh@PLADDN`@KCCBG\?b@OTUd@Ov@Gp@a@lACh@?FHLNHH@JAPIRQ`@Uz@s@XSzAsAf@]RWn@}@h@o@jByDt@eAn@o@h@cAf@g@j@w@h@g@p@{@x@w@l@}@t@y@^[n@{@pAoAX_@Z[X]HUIMMKOGQ?u@Rm@@{Af@_@HkBSM@g@LICCCo@gAHTZn@HHNFn@KhBXV?`AWr@_@JAZ?TGl@GNDHNBLEHq@h@aAbAgC`D_@^}BlCkAhAq@v@a@h@q@nA}ApB_@r@Yt@_@p@w@hAm@v@[Z{CjCkAp@_Ab@_A\Y@yATq@BeBp@u@JK?MEeB}AMGS?KGYBEBGTGD]QUBCG@]EIKEM@QHe@b@IVc@PQESSUGWQKCGGCKAaACOICY@EAEKKo@GSIGEAUFOKEOM{@O_@g@WUEQOIS?UJw@HYBc@Nw@@e@ASCG[[KUGc@EiACMGEECGD[j@MHqAt@w@RO?{@_@_ASiAKg@?KBE@EHKb@Kv@Bf@EB,2
2,Evening Run,7296.0,2889,2907,18.8,Run,Run,,11962577328,2024-07-23T17:01:27Z,2024-07-23T19:01:27Z,(GMT+01:00) Europe/Paris,7200.0,,,,5,2,0,2,0,False,False,False,False,everyone,False,g18631689,"[49.25357211381197, 4.0452798921614885]","[49.253506399691105, 4.045597398653626]",2.525,4.888,,,,,,,,True,156.5,179.0,False,True,95.6,76.8,12754216827,12754216827,869A8751-0E48-44BF-B93F-DC0E446B7B38.fit,False,3,0,False,14548647,1,a11962577328,yyrkH_buWI~@?hA@d@GvCStBIJ]@qAHGDCN@PDRTv@Vn@Jh@z@pBBPCTGJo@Ts@`@s@Py@Jy@p@cADe@RiB|@IHUl@IJoBfAGP?h@Sb@CPHNZ^Rb@FXHp@Xz@H^Pb@^p@R|@A`@@JJXXhAh@nAZhAZt@@t@AHUh@?Hb@tAB^ATIXg@f@c@j@EPFPLVHZV`@Rf@D\HXJp@TVDRCv@Bb@\`ANTXl@Ff@Z|@Jv@ZhAR\FNF\Dl@Jl@d@tALLZNXB\EjA_@FALDNHR\^jAj@hC|@~Ch@xBX|A^vAf@jC^fAH|@p@bBPnALXFCJSPm@HOlCgEfAaBtAeBP_@z@sAp@_AbEsHv@sA`CuE^i@Xi@PWr@sAb@{BZk@Xu@^s@j@_A|@wB`AgBv@eAb@g@ALCFSViBbDyAzBcAfB_AxB{@xCkBdDmF~JeAfB{A`CAHm@dAUX]j@e@j@kBtC{AtBqB`DNQ~ByDhEoG`AqAtAyBf@eAdB_DbAkB`@o@lAkCf@{@Vi@JQ^c@j@_ATo@Lk@@STs@X[Rk@BAF@HHGNIBYYc@{@YiAOWKIs@{@_@m@sA{CW_@k@uA]cAi@kBw@qBWi@a@m@sAeD[g@sAkDe@o@Sg@_AqCw@wAa@sAe@mBs@aBOk@a@cB[gBm@qBCUHs@_@qAGg@GQeAuCY{ALeGNsBZwBASESCg@Ie@Aw@IS]Ou@e@MC]A{@KYJMJIZg@`E[bBOdB,2
2,Chill,6217.7,3292,3797,180.2,Run,Run,3.0,11946200646,2024-07-21T16:40:59Z,2024-07-21T18:40:59Z,(GMT+01:00) Europe/Paris,7200.0,,,,0,3,0,1,0,False,False,False,False,everyone,False,g18715007,"[49.15638713166118, 4.15052373893559]","[49.158376744017005, 4.1513552237302065]",1.889,3.823,,,,,,,,True,145.7,171.0,False,True,290.6,207.6,12737220811,12737220811,8D568B25-59BA-4378-9799-E3E90889442F.fit,False,0,3,False,14548647,1,a11946200646,kz_kHwsiXTFBXEh@Ux@AL@@Zm@VMNa@h@g@ZQFMB[Lm@TwBPs@Tg@PQp@WRCv@F`CZhAXb@DL?RDRCl@DhAV|ARd@NT@d@MLKLAr@YRCVMPMj@Oj@YRQ^K`Au@d@YZMNSh@kAPw@PmBCw@UaDA]Iq@@QNo@Hm@@u@G{@Sg@Nd@Fn@_@xDNhAD|@@`AIjCWbBDNN@FDJVZJn@CVFFCHQ?c@FUEe@@i@NBLEHWAQFANWD?JRR@ZQ`@e@TC\[r@]PSt@}AZ]J]Ji@DGPTTt@b@fAJLJ?b@QJAp@Fp@NL@r@KlAg@f@?XKb@AT@LNHDROZKXEZ@PC~@u@XChBk@z@i@`@GnAeAVgAD]Ba@f@i@Pc@\U^_@PMl@w@\[h@u@H_@V_BH[LkANk@ReBRmADw@DKXNDRDDADP\cA{@ENQhBYvBKd@o@bEMb@OV[b@cCpBk@l@Yd@c@dAc@|ASb@s@^sE~Ae@Vm@Ni@Ho@`@c@f@NENO?CG?oBjBu@jAyB|B_ErEiBlBOVSf@e@^{@jAYj@_@v@UZ[p@e@v@w@dAk@`@cA~@y@z@e@XQRQJg@T[H[Pg@P[@SFmALSA]DsAl@w@HQCMGWUc@Wg@a@SEYQGWOGU@OAYFa@Gi@SFNHDARSTULIPI?BPC@[KUQ[E]YM@IODg@Ai@EOMCM@ULGu@GWGMCCIASDMIGQ?MGa@GMEUGOa@KUCQKGICSHk@H[?WSZ]HKFa@x@SPa@h@BU\iA?QI]@Gf@Yd@s@DU?[S_CGe@IMM@uAx@g@TM@g@CgAa@[G_AMk@@WFIBCDIPIj@Ax@,2
2,Evening Run,6324.8,2897,2965,44.0,Run,Run,,11912860191,2024-07-17T17:15:55Z,2024-07-17T19:15:55Z,(GMT+01:00) Europe/Paris,7200.0,,,,0,2,0,3,0,False,False,False,False,everyone,False,g18631689,"[49.221186116337776, 4.040544452145696]","[49.22119810245931, 4.041391359642148]",2.183,3.232,,,,,,,,True,153.5,165.0,False,True,101.0,79.2,12702579870,12702579870,9F6077D7-9DC2-4C8B-92CC-4A5528871DB0.fit,False,0,0,False,14548647,1,a11912860191,kolkHkdtWHk@?c@CQGIKEAKBSJSBQIuAEYGUy@_AI]K{BK}@MwCKy@?}@WyCI_@?i@Im@GSMQyBeBi@[YUWMw@m@y@a@Wg@e@s@}@c@o@k@}@i@]OG?Wh@[jAELEBa@_@e@u@GO?Md@cBBQECEAUDICGQ?QHm@La@Xe@?WE_@Y_AMYi@kBO]QQo@_@YYm@g@_@OCG?[HSHEh@KJGLQ`@iA@i@KWKGMEq@EK?_ANa@NyA\iAh@iAr@MBIEGIUcAe@o@C]?w@NmABcAn@cBFaAH]JIXCNIR[Xq@JsA?{@BQDIPMZm@Tw@l@iEDkBAGGMWW_Ak@qAcAe@SQQwA{@i@i@_@OK?ELEj@ITCBCOFSIp@Op@Kz@g@pCEf@YxAHO?Me@`CQrAyArIa@pCm@~Cq@rE_@hB_@hCOp@e@jC}@|FmAfFS|BiB|Ky@zD]fAQd@BS|@mC~AwIj@wDXy@Z{AFCRHbABfAGvC@JEVa@FQ\qCNy@ViArAqDRq@Ve@Rm@d@s@`A{@f@_@v@{@r@c@TWn@_@`A_@x@Qj@Qt@Q^Cp@DNFHHLj@Tl@@JIfBQ`B?PDL^VHHbA|CZdA?PUn@SbB?RJTHFVC@@@Fe@fBARBFl@dAXVHLPMDKVcBFODEFBlAn@vBbB`@b@HNDN?XDBj@H|DlCb@^z@h@NRHTN|ALnC^jFJlAPdDF^j@t@Tb@BVHdB,2
2,Midnight Hour - Skrillex ü§§,10032.5,4293,4486,74.4,Run,Run,0.0,11897188501,2024-07-15T20:44:52Z,2024-07-15T22:44:52Z,(GMT+01:00) Europe/Paris,7200.0,,,,0,3,0,1,0,False,False,False,False,everyone,False,g18631689,"[49.227103320881724, 4.040373042225838]","[49.227859787642956, 4.043716918677092]",2.337,6.388,,,,,,,,True,159.9,178.0,False,True,112.2,80.2,12686378274,12686378274,0236996B-631B-48B4-B53A-0163FF32CD61.fit,False,0,0,False,14548647,1,a11897188501,ktmkHictWj@mBP}@Pm@jByEtA_DtBoG^{@VaA|@iCLg@|@cCXcA~@kCRs@R]J_@^_ALk@`@kAjAgECq@G_@cAw@GM?MHy@RmAT_CVyANy@Vw@f@_AH[B_@P{@TcBD{AByCDaAFk@@oAEaAL}E`@wANeAp@cCRuA\wAh@yAv@sCd@s@PmAJgBL}@FKT@FGBW?_@Oc@Am@Ji@h@uEJo@d@iE\{B`@gBTi@JGFAL?ZCF@`AXzAh@zAb@j@^bA\f@`@tBbCJX?RIj@Y|@q@dBCN?VDNFHzBhCf@`ADP?PI\Gf@IZ}AfEqAdDWx@g@pAQz@SdB@vAJr@CTCDIBUI[B_B^UJSh@WREFg@jCU~@?t@@Hd@dAH\f@xFb@`EN~@?`@EPGFKBMAMIUa@]c@cDcDQ]QUKKUKMMOU]aAGIQGSK[C}@@SBiAlAIPIZmAb@i@l@GL_@hAOp@i@vAU`AWj@W`A_@dCa@pBSfAGx@?LHVnAx@d@JTZHHZGz@AJEPSHAdA@\GbAC`ABZL`BBxAEv@?j@@VAREz@FbCAf@CL@~AAj@BNH\n@RPHPD`BClCa@xCs@xC?PFj@A`@]|@E\Ff@@l@FVX^XXh@`@T\n@f@bAdAPj@PVJXBl@Qv@q@hB_AtDS`@Kl@k@xAQv@}@zBSN_@Py@T_@Aa@OWQyByBQKo@ISBs@?aAHILSj@URMBM?QI]q@IGEAc@Ai@D_@EmADc@Hc@NeAh@k@b@}CjDa@AMHQ^SfAGNOXw@z@]j@k@b@k@t@q@p@]PkApAcBpAQFEAe@W_@KWYKEiA|Ao@h@s@x@OLG@c@Oo@k@[SYKYWME_AMM@QRQDq@QMBs@v@u@nAo@r@_@d@qBxBoB~AyAdAo@PoAz@[PKDG?QIIIa@s@g@}AEEK?m@h@E@ECWg@u@eAgAoBcAoAc@{@kBqCAM@IV}@l@aAh@s@ROn@Yz@m@RSbAk@\e@b@Mf@_@d@YnE_DfDiBdCiBz@e@v@s@n@w@ZW^UXe@lBwBh@gA\[rAuCh@}@Tm@Nk@\w@d@sAz@yA\u@SVUn@u@|As@hBkCfF,2
2,Morning Run,4125.7,1684,1721,43.8,Run,Run,,11859604873,2024-07-11T05:30:11Z,2024-07-11T07:30:11Z,(GMT+01:00) Europe/Paris,7200.0,,,,0,1,0,1,0,False,False,False,False,everyone,False,g17164016,"[49.22705906443298, 4.040450658649206]","[49.22793815843761, 4.034975683316588]",2.45,4.892,,,,,,,,True,154.2,177.0,False,True,112.2,84.4,12647396297,12647396297,01D749F4-FD2F-4BEA-9173-6A7A257E4E1E.fit,False,0,0,False,14548647,1,a11859604873,atmkHyctWF_@b@wARy@p@oB\y@NWHETNH@FCb@i@FCfAbAh@X`J~H~@n@p@PT`@F@HC`@a@z@iAv@m@v@k@fA_@b@A^Gn@@^A~@@RHJVRZFPLv@D`AVdDNpCJdAFjDGfDU~DMv@Kd@KNc@^G^?\Nl@BTCnC@d@RzBVpAt@tBv@~AlCvGRr@Nz@Hl@?VEP_@n@EZBVAPDJNHFHNp@@\KlA?l@BXL\B^Gr@IXKp@i@dCQl@c@|Bk@`Ce@xAgA|EINKA[OK?G@WVk@TK@OASKeCuBYYMGSUk@a@]_@aF}DoBiBY_@wA{AO]mC_DS[IQG]CS?_@D_@X{@Hc@LgBASI]i@cA}AwAGSGc@Hm@Ba@Pe@d@o@nCuCHO@g@O{@Uw@a@aAs@cCQ[Q@WTm@FYXUN[XQDMAEAGMKEQI[EaAg@u@i@}A{@_@WGUGiA@gAEa@AeB,2
2,Morning Run,6988.2,2877,2986,59.8,Run,Run,,11844055995,2024-07-09T08:08:09Z,2024-07-09T10:08:09Z,(GMT+01:00) Europe/Paris,7200.0,,,,5,2,0,2,0,False,False,False,False,everyone,False,g17164016,"[49.25298294983804, 4.04819218441844]","[49.253554260358214, 4.0447162091732025]",2.429,4.532,,,,,,,,True,163.2,184.0,False,True,130.8,80.0,12631351494,12631351494,F3442163-1AFB-4BB7-A979-25DA9CD909B6.fit,False,5,0,False,14548647,1,a11844055995,cvrkHetuWb@eELsBFUPmBLq@V}C@a@TyAPyBNcBJ]jCfAf@Hr@Z\TJPrAXZNlBl@dBv@~Br@\T`Ad@fBh@n@ZVTVLTFVBd@JrChAx@Tp@XjBh@l@TJGJWJMJAt@HNGnAsAT]h@e@jAqAfAqAb@_@n@u@b@]l@u@zA}Ah@{BLqARs@Cw@A{B?OJWDU?m@CUA`AG^IZCRBd@@jBP`I?~AHnC@lADfAFfC?dBHnDAl@HxD@jDJnCAjAEZq@JGEM]SUMKYEW?KBk@l@Wh@Ep@@b@Jl@@PYh@aAjCYd@Qh@g@p@]\Ob@EZCBCAMIs@cAKGKAQBOJ{@hAS^Qp@Yh@GVCVPzALf@G\@VD`@Zv@Aj@QF{@`@SN[JWRaCbAe@h@k@TYPo@Te@Xa@\CJ@TThAJ\HrAFRT^Vh@Lf@`@dABP@LG`@i@d@QTQNQTSLm@f@eBvB{@v@q@bAe@j@QJOPw@n@i@r@WVa@t@[R]f@i@b@}@`A_@p@UNkBvBe@`@cApAYd@}AnAu@r@QT]POB_@b@SFi@^]\[RSTaAz@QH[Zy@\g@F[@YHa@DYJi@^gARMEGKOq@o@gAUo@E_@AyAo@iBCK?]I]Ec@GSKMI]E]A[Gc@w@yBMw@C_@BY\yAJQZM\YFO@OIi@y@_CS}@oAgEGa@Be@EIe@M?_@HWn@k@v@_@NUBSG]_@uASaBK]_@u@Ei@S_@K]Ko@?QBINQDGFw@DODEdA]XMXALIh@GVIf@Wp@G`@InA}@lAY`@Uz@[NO@KA}AIcAIYUi@Es@Kk@_@kACUHIZEL?^Dh@ADAJQVeEBw@Am@Da@,2
2,Evening Run,5592.3,2195,2979,47.8,Run,Run,,11832078198,2024-07-07T16:39:21Z,2024-07-07T18:39:21Z,(GMT+01:00) Europe/Paris,7200.0,,,,1,2,0,1,0,False,False,False,False,everyone,False,g17164016,"[49.226564867421985, 4.041859991848469]","[49.22892361879349, 4.037097813561559]",2.548,5.96,,,,,,,,True,156.8,189.0,False,True,114.2,82.0,12618981780,12618981780,F81C801A-FDA2-4F2A-81D0-1337080A885C.fit,False,0,0,False,14548647,1,a11832078198,_qmkHsltWRm@`@e@LIv@F~AR`@P`DnCxDjDt@j@h@\ZLb@h@Rn@n@z@RLHAHQB_@@}@Li@PW`Ay@NET@rAMLKHCn@D`@ALBJLPt@Fb@AlBBZJd@Zz@@REb@?b@FJ\@j@SLDBD@JHrB@~ACzBa@fGOh@IPc@`@CHCRAZPz@BNCfBDdCPtAZjAl@~AXj@Vr@R^dAjCp@xAn@jCH~@CLCHa@h@EH@|@BFPNFLJp@?`AWxBcCtKoAdFqA`G@PZVJN`@`BDp@Hd@HPf@l@`At@`Az@lA|@`Ax@h@^`BvA`Ar@hB`BVN|@x@t@h@bC|Bl@^pAhANFHHyAgAqBiBoBuAiIaHcBoAs@q@iA{@_CoB[c@W]IQQ_BWm@Ge@EGOMYIIBONw@ZYCSKoA{@aDmCm@a@aHgGmBuB{DuEQY@AO]I]a@_@]k@Qi@[Uq@_A{@}@m@w@u@kAa@i@a@q@]s@mCuEy@qAu@wAy@sAw@_B{@wB_AcDm@oCAYD[?WFQ@gAD]vA{Bl@o@n@cA@QMUEQFm@BG,2
2,Evening Run,8316.3,3549,3623,36.7,Run,Run,0.0,11792168681,2024-07-02T16:56:55Z,2024-07-02T18:56:55Z,(GMT+01:00) Europe/Paris,7200.0,,,,4,2,0,2,0,False,False,False,False,everyone,False,g17164016,"[49.25459353253245, 4.045974751934409]","[49.25158585421741, 4.041804000735283]",2.343,3.538,,,,,,,,True,154.9,173.0,False,True,99.8,78.5,12577746881,12577746881,7ED9E656-8C48-4F46-B382-F65022B5DF72-activity.fit,False,1,0,False,14548647,1,a11792168681,e`skHifuW_@GUW_@UEG?E_@QY[G?i@YY[m@[EI]QQQSA_@i@IAUWy@Y_@]e@WKSQEc@UQUUGCKWIMO_@MKMa@OSGa@HSJM?IJg@Vc@j@SJ]\WPaAj@SFUIMFOCEGSj@QVMd@e@Pw@t@[f@WPuAbA_@JWXWPKPa@b@OD[^s@\WZE@KR[P{@z@YNCH[TWPUCQZG`@Fx@?n@CzBBjCC~@@l@Ed@DxCCd@GLDtAWX?j@t@jEJ\BR`@tAL~@^lBXbABXDJN~@r@dCB^e@Xs@t@_Az@MB{@r@K\Gv@KVmCbC]RK@K\_ANMHo@FWEUHGP?PHPNn@f@T\h@DTJHHNVAFDJQ`@FRPVt@l@HvAf@IATP~@Lr@VnBjAr@Xr@x@z@VJ\n@~@H\HLFHNBLVHORGR[^@V\FPlA|AdBfCHXZ\b@r@LFHR^b@DL^^bA|A\^VDVGZ`@@JIp@Bh@Vf@ZL\EVOFBb@r@Nr@?Jd@x@v@bAzA~BRR|@xA|@jAFLPJ`@j@ZE\XBLdAvBn@`A\^r@Np@@nBRNFNIp@q@d@cA^a@`@CdCr@TKh@iAd@WBIQcAKYKk@?cAF]DCRHRj@FZZt@BRTR\n@L@?GJG\s@zAuBdCcEhAcBlA_BpFuJzDiHXq@z@_BHG`@aA`@cBZu@FYVU`@}@NOt@}ATYHUv@uAXq@LItAwBt@y@T_@jBuBh@g@bBmBd@q@XUx@}@BMG{@QaAC_@D[PWGYEs@^iBGq@BWG[IYD_@EKE}@i@oCEc@Sc@AQBWG[c@yA?g@SGa@T]Hg@b@wAj@UTu@^_@\_AV_Ah@kAXSR]YUEa@s@[y@MK}@b@[XENQLIGM?c@P_@Vm@j@k@~@o@`@[Zi@Vc@f@K@YVSV_@TYVWZa@Jc@b@i@DIF_@f@u@h@Wb@YVq@^e@b@w@dAi@|@MZI@E`@IXc@`Ao@F]Qc@g@KESSEKOIEIs@a@KMEq@]}AAYQk@Ia@?a@Ug@WeBK[Ii@KMAKGIC_@UiAO]Ki@Eo@?cAQs@Io@GI@KOcABUXa@NEvAs@j@c@dAY`@SXEf@YvAm@,2
2,Evening Run,7089.8,3057,3287,23.1,Run,Run,,11746269873,2024-06-26T17:20:17Z,2024-06-26T19:20:17Z,(GMT+01:00) Europe/Paris,7200.0,,,,2,2,0,3,0,False,False,False,False,everyone,False,g17164016,"[49.25301999785006, 4.04480597935617]","[49.254314163699746, 4.042458459734917]",2.319,3.924,,,,,,,,True,155.9,176.0,False,True,93.9,78.6,12530362197,12530362197,3B697154-0FB9-4331-BDAB-ADE10E3E9CE6-activity.fit,False,2,0,False,14548647,1,a11746269873,kvrkH__uWTRT?l@Vp@l@BDRLDl@I^@JN\D\Tl@Lj@P`@Jf@L?BBVdB?XFVJ^HHHRXnAVv@Xj@\pAVr@Rz@\|@Vr@H\?V@FHFF@V^DJRLZf@ZdANr@@T^~@Jb@DXHTNALHFPZ^Pb@LNJV@NL^RZLp@~@nABd@T\Xx@Dn@Xr@NVL`@HHH@BFDZPZRf@FJDTJZVf@X\Xh@d@p@Df@Jb@Xh@J\BDh@R`@~@BT?RFRl@fAFFDS?_@DQ|@kBz@sA`BwCPUr@oAj@m@d@q@Z]Va@f@c@lAuAl@i@j@s@j@m@p@_ADQh@}@H?RKhAcAX_@FCJS^]Za@~@cARONUdBgBZa@HE`DsD|@_APQ\a@b@a@Xa@~@_AxBgCjBsBPMv@aAz@}@ZYLW\YWTYHK^c@`@cAjAGNg@d@{AdBUZaB`Bw@`AYVY`@_@Zk@r@wA|Ay@dA_@\OTSLy@~@MP]XGN{@|@i@p@qAhA_AhA_BhAIVKFe@v@c@l@OJGNm@t@QJi@n@QLGAFBXWnBsBDKACGBCJG@[`@u@p@KNAHIBW\[VMRKFINq@l@ILIF]h@KDw@jAQPq@dA_@t@QRQb@Y`@GPSVq@jAiCpFKb@GHCRMd@g@lAc@n@w@zAGDs@|Ag@v@]v@]j@Wh@c@n@_@z@W^q@lAAHo@~@c@|@i@x@KHY^YTENyB`DIRQNKV_@f@KVq@`Ao@jAOAUy@AOIYCa@EGI]GMGAAg@IS?OKIM_@ICGSIKOs@Ca@EICQSUEOCa@S]Oa@C]@KSo@C]?SIOKi@Ys@YkAMMIWQ_A?QO]?MKg@Wi@G[?MGOKAQo@QW?QIUScBEIK}@GOKIGS[]OWAs@Sm@Ce@Wg@?KC[GOQ}@Sg@Oe@Ug@IEGKEc@Wu@ESIOSOEQAa@IEKUCQMa@AWRGNQGIEc@Ag@Oc@Mi@[HOIOEEIUiAUmBU]GOI]?IESIWCQEGGWGi@MUSQSm@KO@UIU[qA?W]u@GU?MISB]A??ETSD_ABMDEJ?RS^EDETILJF@DELC^CPKl@QXQPIj@AVMP]ZSVIr@BPCNUVYt@SXUF_A?_@Ug@Ca@EIC[EIGYMWCk@CMKOCM,2
2,Evening Run,7525.2,3241,3341,26.7,Run,Run,0.0,11730495955,2024-06-24T18:56:53Z,2024-06-24T20:56:53Z,(GMT+01:00) Europe/Paris,7200.0,,,,0,2,0,1,0,False,False,False,False,everyone,False,g17164016,"[49.22768075019121, 4.044117238372564]","[49.22616798430681, 4.0426037181168795]",2.322,4.54,,,,,,,,True,159.2,186.0,False,True,85.9,78.0,12514280526,12514280526,CDABC6EE-91EF-40B2-B2D8-1BA9470BD95A-activity.fit,False,0,0,False,14548647,1,a11730495955,_xmkHuztWJMh@eAXw@FGXy@NWRm@PU`@{@\a@Ti@HKL[VYR[@KJUbAcB^sB?Qo@m@IYSUIU?IH]Pg@Hq@ECIDOKIOEQRgATu@?e@Ke@Uy@O_@EUa@sAJu@Va@DABGBOXs@JQHBBGBQPABGSACG]Yy@_AaAu@e@Qq@E]DQHG?m@NIAcAReCjA]Za@RMRg@h@QLo@XGFi@v@GROXGDCRq@zACRQVUl@Sh@ETSd@a@lBIJAL@\Ez@[~AJr@JZE\QTO@g@^SHKLGNaAh@o@d@Y`@EJA\GPC`@Mf@CTEPYj@SZo@j@MR]`@EHgAvASl@Oz@ENKn@Al@GZKDw@U]NSXOf@KNY`@[l@QNILWNU?SHu@v@QJy@`AKDk@z@c@`@oAtASXqBrBg@p@i@h@ORSPGJGDs@~@[TUXe@b@]^GJKFGLg@f@c@j@MHY^i@j@SNs@z@YRu@hAADBLEHMJU`@UP_@b@SZe@b@_@h@Oz@Jl@MHCHFT@VEX[NONUB_@^SPg@PAPFL@RBJB@AJoB`Ak@F]Lk@f@}BfDa@`AQTU\k@r@KX[fAKHQYK]CAa@\c@p@ITIHZr@LFHNx@zBdCjFh@r@HPV^`@z@d@r@^v@f@t@BJT`@DNXd@Zr@`@v@Xb@JHPCBERcBFoAHu@?UN{@La@^gCBWRURy@JYVsADa@ZkAn@sARg@DSVg@DU?QOa@Ki@?QNYh@u@FSz@u@HK@Kh@e@@M]}@GGMWMKIMGU@OFMPKRWH[JSLGNSLGR[Z]r@KXUHYf@[z@KNKREzAIZKNQXGNKH@VGd@a@BI^c@^[PGp@k@T]NIBOJMHQbBwAj@m@bAwAPa@PURa@b@e@Zi@RSdBcApA}@t@_@NSB?JHFELSb@]l@]`BkA^Qb@_@n@[|@s@dB}@b@[HOPMjAq@d@]JM^WV_@d@e@XMdA}@JMFUt@u@d@m@Ne@lCiF~BsFf@}@Vi@LQj@mA~@mA`@Yd@c@pAeAj@[PQh@cBDED?PPr@b@DFNATLFHL\Gh@cBpFKTOd@Uj@Mj@w@lBQr@OZK`@o@`Bm@nB]v@GPMLAJa@|@CA,2
2,Morning Run,6036.2,2583,4283,52.8,Run,Run,,11687721679,2024-06-19T08:38:26Z,2024-06-19T10:38:26Z,(GMT+01:00) Europe/Paris,7200.0,,,,23,2,0,3,0,False,False,False,False,everyone,False,g17164016,"[49.253508914262056, 4.045783309265971]","[49.252522280439734, 4.044633060693741]",2.337,11.667,,,,,,,,True,155.2,180.0,False,True,131.3,92.9,12470196363,12470196363,EC8AD091-0222-488B-BDA0-7227209EBA9A-activity.fit,False,8,0,False,14548647,1,a11687721679,kyrkHceuWBQXcDDKBU^y@DeA@oAHaA\qCB_@?SD[Lg@Hm@HuAHm@@c@^wB?YDU?SF_@JuAF_@B_@TuBLq@HAXRVFXLZFn@\BDh@Jl@XX?PXJCFBPJH@d@PTLLBr@^F?~@\NLNFnA^VR\DJAJLt@ZTLf@P`@HRJT@PLXJLJBFt@^HBTCr@`@l@LHHL@PLFA\L\HN?PNTF\Rj@LrAl@TFDADEFSZ]VCRHx@UBEHCN[ZYLQJGFM~@cAZSFKhAoAx@w@`@k@rAgALUj@e@\c@Ng@RkAJiA?YJWDa@CgD@GFCBID]?gADK\ODG\@R`@FTNX@PJJHXPPf@P\CTGNMPCR@XLdAx@FAJGd@GJGHWNIHKRc@F[?YDSAM[{DI_@S]KMKGOEU?QJMJSb@Ib@C\NjCFp@@ZJZT`@VPBD@HEj@JGhAgBLk@@m@Ai@QsC?WEIm@i@c@KMD_@VGHO\Ex@N~B@p@DTLh@NVZNR?PEVONYNo@@MGqA?c@O_BG]IUWUWIO@KBYPS\I^Cf@BvAVbCP`@VTPBT?TI\_@H[Lu@Gc@O_CUeAMUSQUGQ@QF[TKZGb@?b@P|CHp@Vf@NNTH\AD@Jg@b@aDBIE]{@{CWIU@MBMHMNSh@Gt@Ft@DXLnBF\JXNRNHJBL@REJEaNqAMdAQ\V`KCn@GLSVCMMJQRGLWPs@z@SLSZkBfBU^{@z@c@j@g@b@CDWP_@d@EAEE@WIMC@g@b@ULc@f@UDW@K?CEOLMDMZ@t@e@|@IFCHk@bAIXa@j@KVAH]h@UTS\]\Sj@Ud@QNKTEVe@f@[v@QRSX[h@Mb@w@nAEVKVYTYh@Y\IXKLeAn@QRSPIBMNo@f@U@QHKJMFWR_@`@SBQCG@SJS^eARSPM@KLSHI?[PICMQIGEMWG]]QMKAIGAKe@o@UKe@e@G?SOo@{@KAOKE@_@g@[m@?G,2
2,Evening Run,8094.5,3114,3340,25.7,Run,Run,1.0,11550375841,2024-06-01T18:30:29Z,2024-06-01T20:30:29Z,(GMT+01:00) Europe/Paris,7200.0,,,,2,3,0,90,0,False,False,False,False,everyone,False,g17164016,"[49.253462478518486, 4.036130290478468]","[49.25414443016052, 4.03540575876832]",2.424,5.18,,,,,,,,True,170.6,198.0,False,True,94.7,86.8,12328816066,12328816066,1AD366C1-C9F0-4EC9-B1B4-08286D2F663E-activity.fit,False,1,0,False,14548647,1,a11550375841,cyrkHyhsWaCpB[Zk@b@Ob@G|A_@f@UJc@d@y@j@_@@e@OWHw@t@MPIB_@b@cA`Ao@b@QX[Nk@h@S\_@\Ab@Jp@HTGNSF]^Q?SRqAbAIEA[WiAEa@S]VS`A_@VWXMJQDSBc@Cw@Ji@@cABSC_ADeA@sCGQW?YJ_@ZODIN[Vc@PY^_B`Aa@ZYh@q@v@Wd@GVWVc@WQAKKCm@H_AHg@X}@HMf@qAd@s@Tm@xBgDZq@h@c@Pg@Ze@POr@[p@y@PEj@c@`@QNAHM\ST[XMb@]fBgAv@y@l@O^S\[j@SlAM`Bi@lBDPMLSD?JLNFFAHIJ?TQLAd@Yf@If@Wf@Kv@a@TEtC_AnA_Ad@OvA{@PQl@Mj@a@|@a@bD}BZY`Ak@FDFPJv@HLJj@HHB`@N`@Nn@@VCHKLmAz@k@l@w@f@EHmBzAQRw@h@_@b@[RY\OH_@d@[TKPkAl@u@v@UNMZKJ{@v@yB~@w@l@YJSVO^[\m@`@q@n@KTCP@LRj@RnBF~@DLBVHNh@jDFR?LGLe@^e@v@ALo@f@K@ONIKa@KgAl@a@Zy@v@ILO_@Ie@m@iBEYKY]{ASU[Se@A_@RQPY^}@x@UZmAv@uAvA[TYf@CXANTt@ANMDQPi@ZmAdAOFEJGO_@iBK[E[ZUr@Sn@c@DENa@NyBAaAB{ABW?g@BUCa@FaBC]EC]HsAn@SRq@d@OPc@RQR{@d@wA`B_@bAWf@G?[[]MCI?_@Jo@Di@z@_C@KjCmEtAwC\WLQDCBMn@y@d@Wf@o@d@Sb@[l@SFGv@a@JUZSJIBKv@YlA}@n@q@rAi@RUp@WZBVKVAJKr@QV@VK~@Ib@HPKNUF@FTF@HOJBJEPWTAJORBp@OpCeANAj@[~@_@j@Kj@k@x@g@JMLC\QTOLCl@g@LC`@YPCXQN@XOZYh@Y`@c@L?LSPIxAeALFT~ALZNRPtANl@?JUX[VQRc@Ti@l@wA|@oA`A}@z@c@p@e@Ts@h@g@z@IJ]P]Hk@j@OFSVSJYf@a@f@s@Va@TONq@TUVcAj@_@z@[Ps@n@WNMLELg@l@UPMP]Te@h@,2
2,Evening Run,6295.8,2545,3220,22.3,Run,Run,,11534958200,2024-05-30T17:40:39Z,2024-05-30T19:40:39Z,(GMT+01:00) Europe/Paris,7200.0,,,,0,1,0,2,0,False,False,False,False,everyone,False,g17164016,"[49.25366682931781, 4.044323014095426]","[49.254416171461344, 4.042923990637064]",2.474,4.517,,,,,,,,True,159.7,177.0,False,True,93.4,78.3,12312931543,12312931543,AB5A61F8-AC3C-4383-9671-4DA8A6B0B6B6-activity.fit,False,0,0,False,14548647,1,a11534958200,kzrkH_|tWKhAFd@Bb@Cl@Mn@GJg@JM?QESFSNE?[IK@SE{@FO?ICoALe@COFS?]HYIc@JO?IDSAQPi@?YDIHWBMHG@URSJKNWFk@lA?JGPMxBOp@IH]R[h@gBzAQZBTLJHVNRDVNTNJHLHVPb@Zb@HDJT?FGLORQHGLIBUVGB_@j@MDIJSPELQN]n@KFKPIBKHi@z@kAlAiArASt@ILCTMb@ALGPQXKt@MZg@jBIf@W`AKPBj@C~@BVIv@Dt@GR@\H~@KTHf@Cb@DdBERQ^i@xA?HLR`@j@b@j@FDFLdAvAZf@~@jA^j@Rj@v@hAPJ~@rAz@fA`@j@DJJJNFT@HEFBPXFLIz@Bb@JXJPJJHCL@TGPMHA`@t@Jb@Hh@\\\l@\b@v@nAVXDLXXb@r@TVp@dAVXn@`AJLPMB?PPx@rATl@hAbBRPNAjAJTAb@Bb@HJ?PDHRFABMVc@FQDCNBFCR}@V]PMLBNERFN?LHf@Jn@XFETG@YCc@BIPA^SL?JMNBTi@dBYnAwBhAaB^k@BIhAaBb@y@LKNUf@g@f@{@FI|AsCXe@hKsRJYXkATu@Ve@RYc@c@MSGq@Yo@GCGOQIQTERg@f@s@~@a@b@ATId@KNGPIHMV[f@Yn@_@l@Up@]f@OZa@h@Ub@c@p@CLQ`@GHMFAFKNYx@Yd@KJIDKLIZYn@U^Od@S^M`@]\MNo@pAMFEWMc@g@OIIa@{@Ga@Ma@CAa@Nc@Zb@Ib@c@Uu@QcAOg@O]AMI_@IMk@uBWi@WqAMWS}@Qm@BYASESAUESCc@Oq@?OMc@CS[w@ACK?KMQ}@IMI]Gg@IKYu@Ce@EO?M?KDGCMMUEi@?y@@MR]T{@JGDK?K_@aAEc@EGGYEGEc@?WK]CQ@MO_A?WEUEi@G[JSNGAG\e@j@g@DSHS@KScAAU[cBEa@I[GM?OUq@Ow@MWG_@Ok@Ke@Lm@Cq@@WIaA?[WgAO]KOe@sBGQGEEo@CIA[Mg@S[CYI]@[,2
2,Evening Run,8130.0,3600,3885,49.2,Run,Run,,11481524777,2024-05-23T18:39:35Z,2024-05-23T20:39:35Z,(GMT+01:00) Europe/Paris,7200.0,,,,0,3,0,1,0,False,False,False,False,everyone,False,g17164016,"[49.28403278812766, 4.0042260847985744]","[49.28343063220382, 4.005032172426581]",2.258,5.364,,,,,,,,True,154.0,180.0,False,True,87.9,79.8,12257813353,12257813353,E1FC11B0-1570-43D5-8D88-4C6ABFB49A3A-activity.fit,False,0,0,False,14548647,1,a11481524777,exxkHkamWeAxAINOJKXw@n@KNKDCTMEe@n@WlAmAfDEr@ERSJQSk@SKWIG@VH?LLj@N~A`Bj@Kb@Y`@e@Xg@h@oAX_@XMTi@Fi@Nc@\LPE\i@^iA`@OjBcCJc@Du@DKPMl@C\WRk@JU~@o@~@_Br@c@NYBOT[dAeAdAoALY^g@J[@o@Oq@KYUQCQYc@ISYEYLONCVBTP\Df@G|AM|@Q`@ULoAfBa@z@o@f@QTYx@ON}CfBK?[Y}@Yc@NUXu@xAoBlCKXy@n@IJIBEB?NOAQXSZUbAS^u@vBKh@DfAH\T\PJx@Qh@c@f@y@dAsBPMF@GOo@a@]m@Oe@O{@Eq@N@Va@b@]P]NKTg@\i@~BeDRGvAp@T@hDqBZ_A|@s@h@eAp@{@Xi@TQTo@Jw@B{AEc@OSEQ?SNU^SL?VZZt@XTVpA?XKb@e@d@M^e@`@e@t@cAr@Ur@w@l@mAlBaAv@Sl@WZOHi@BKFILMvAqA`Bc@b@SHQPY`A]l@MDYMQFOnAOPGNK@WXe@~@IVo@`A]XSLs@HYYKUIa@Aa@Fs@j@uAHYCCe@zAQ`@Gz@Fh@FPLRZTJBr@Q\[h@u@~@kB@]Gm@MOk@mAWuAOAYTUf@Mz@]dAy@vB?h@Ht@LZZZd@El@[f@m@hA{BRWTOKSm@e@]k@Og@QcAA_@J@~@w@JWXW|@}AVYTg@{@lACFd@m@\m@bAwAlAXZTN@TIpBqAJA^]V{@~@u@DMd@w@p@y@N_@XON]N{@FmBEe@Uc@@]PUZMTFPZRl@^TRt@?z@Mb@YVc@t@}@nAq@b@SVSf@]^]TcAbB_Ap@wAzA[DMTGbAMXo@~@o@r@i@\Wt@c@r@UJSMUAs@gBq@uAKIC]JWn@}@b@y@`CaDH?@b@FP\NbATTPd@Ip@_@zAcAZo@DAFHJ\?\CHiAr@Sj@SZg@H[JQd@Ex@MTcAjAa@l@UFWTUx@_@j@ODa@KMQa@cADT`@z@r@RRQr@{Aj@a@v@_Aj@{@J_@BW@_@Iw@Jm@lC}AXAVDDT}@d@_@EEQGCOBa@Z}@`@K?a@WeAa@LNMM,2
2,Evening Run,3893.4,1812,2555,15.7,Run,Run,,11472500433,2024-05-22T16:24:59Z,2024-05-22T18:24:59Z,(GMT+01:00) Europe/Paris,7200.0,,,,0,1,0,1,0,False,False,False,False,everyone,False,g17164016,"[49.21681688167155, 4.078770959749818]","[49.21652217395604, 4.079584423452616]",2.149,5.276,,,,,,,,True,142.9,177.0,False,True,88.2,79.7,12248548709,12248548709,CF632F83-28F9-4F02-84EF-88E0634FF7E1-activity.fit,False,0,0,False,14548647,1,a11472500433,atkkHis{Wm@vAOf@{@~Bg@~A_@~@q@lBO\u@xBw@fBUv@e@hAE@EAiAm@GM[MUMu@]MK_@Ou@e@]Mm@YOMSKE@E@KXOTAJSr@W\KH]d@[JMA]FGFKBKLgAp@MD[\SLEJo@h@S\k@j@MRWPCFo@z@IXIHSf@Sv@Gj@@t@OjALJRh@Xd@FDB@RMF?J@FA@BLBXA`@Vb@j@JDZXHPA^JRDDt@\NjANp@?LE^A\OZCRO?SHWDUKQMO?_AWYWCIGUBSCOCEQ?EEIAOKMWFMd@IL@FIH[?k@BODELCX@LCP@OEOBI@IEO?IBABAFBx@ALGJGAo@HKVR^VFRL@^BNVd@LLJDFFL?|Ab@L?NGJCFKNk@@a@Hc@Mk@?WGOIm@Ma@YUI?GCISAYGOg@c@i@o@UMMEK@G?UIC@KCMBG@IHE?IICIKMGQSc@AGHu@?QVu@RgAQ^ALGNKd@CA?YPcAHSLKZy@Ra@r@s@FMHGHAXe@|@eAb@Q\c@\MDINIREFIJEDGTMHKp@GNMf@o@Xy@BCNi@Z]d@PpAz@ZNVHPLd@RJLXD~@b@LJF?FFJ@\VF@HElCuHPULe@j@_BBS`@_Ah@}AbEgMVa@Rs@DGNu@Dg@f@oK@c@OOCGCa@Bf@JHDNCVIpBI~@MdDIl@?b@Q~@GPW`AGPIFGN,2
2,#PostMaladie #AJeun #VomitoForFinish #ChillRunLoL,4362.1,1682,1890,41.2,Run,Run,0.0,11379357944,2024-05-10T18:09:50Z,2024-05-10T20:09:50Z,(GMT+01:00) Europe/Paris,7200.0,,,,3,2,0,1,0,False,False,False,False,everyone,False,g17164016,"[49.2271907441318, 4.040285451337695]","[49.228843823075294, 4.037247011438012]",2.593,3.752,,,,,,,,True,153.2,186.0,False,True,111.9,81.3,12152608484,12152608484,3CA7246C-284A-41A3-AC1D-A8DB5824D7D4-activity.fit,False,3,0,False,14548647,1,a11379357944,}tmkHwbtW`@w@\cARcAv@}BPa@H[LQj@cBRUJX@RLJV^`@ZPRHFRRD@d@f@F?FF^`@z@n@HN`@XTTd@\j@h@HDRVRJlA~@`@Lb@AFEVCJIXATMZUn@s@v@k@hAc@\Aj@IhA?`@CJBRAJDR`@T`@Pz@LxDVzCBv@LnABbC@Z?dAGdAGjBGp@?TEj@Gn@Uj@MJK@CDGDCVGZ?PJL?NJXCZ@r@ChAHjBJb@J~@FRZr@DTXj@HTXl@^bAh@hARj@NXL`@HNRf@Tx@^fBBb@Ot@KRSn@AX@VGFBLAFY|@Oz@CFANQZOb@KNa@ZA\Dx@AVE@SGe@PM?o@NM@YAOJKJSFMHSTEBQ?[JGEMq@Qg@U_@UU[q@g@k@Wc@IIk@i@QKG@EFUDOLGVKJu@`@u@bCo@dAE^Ll@LbBAFGB_@?OA_@MIBk@rAa@jAUf@QTKB_@YM_@?GJc@EODO@_@GO_@g@YYKQKKGAu@}@YYw@kAMc@KOKWOMSEC@EOEYQc@GESa@uAcDMIMYc@o@o@kASk@KIU]Uo@c@q@QQc@{@[a@c@eAIAYg@IS]g@GOIEKQKUm@y@O[OKo@cAa@c@]i@sA}AYg@QSQO_@k@KGO]SSMUKG@i@FUXOTSLQ`@WDIHAVSh@i@VMR[Z[x@mAZ]PKXYn@mACIUa@AMHs@P_@B?,2
2,Lunch Run,5438.9,2402,4308,52.5,Run,Run,0.0,11305846034,2024-05-01T09:14:36Z,2024-05-01T11:14:36Z,(GMT+01:00) Europe/Paris,7200.0,,,,0,2,0,1,0,False,False,False,False,everyone,False,g17164016,"[49.22862329520285, 4.036581488326192]","[49.226369904354215, 4.041641894727945]",2.264,3.893,,,,,,,,True,154.5,179.0,False,True,112.0,82.8,12077015651,12077015651,9FB56514-79ED-4291-AD1C-3DCDA3B22868-activity.fit,False,0,0,False,14548647,1,a11305846034,{}mkHsksWo@?}@nAiAvAIRQRU\MJUd@I?UL_@X]^_@TGJQJGFa@ZGHMDURINCN{@L{A`AOPG\AZHl@@h@PfAfAnDF\^~@Jf@Bd@P^P~@Rf@Lr@HvAHVLhAHnA?n@BJFt@FPFF@t@Jx@AO@QCECg@CA?NJvAKJIXST?PFLALNFRLRFFFTJNBFED@FDDEFMV[f@c@c@Zk@TVl@LIF@JRL@FFTJ^Lh@VDDTJRNPR`@RfAr@HJB?t@d@h@PXXXDl@\F@l@VTDBK?MEMCCKJBTJDLRBNCLDBFALVFBL?HCBBHGH?NAHGVP^LJJPDFHD@DIAWFIHYRYDCp@CTEHIZGPWLG^\Pl@RRDJJ@JHRZd@j@D?\_@PKd@eBd@qABOL?j@NDD`@APHFJTPdARd@DTHLT^bBFJTP\@XQPWd@oB?GGSCYKYW[KCOUG_A@IBCH?RYHGFQ?KKOKISHIACAMo@IIOYKGCGUUUEGGKMe@aAYDOl@GJMf@EBQt@GLYVOVAN?RL~@FrANXNRNNPJT?r@LLBXRNV`@`B\VR@LIZ]P_@d@uBNaBL]h@y@LKTKRATIJMAEEBFBHQJGNCLGLC@BDAd@O\AR@JEPQJ@DHFCDG@OC]Ha@FOBSHITa@Ni@LWh@eCHe@CYBc@CO@OTQLUF[Ek@[mBGKQq@c@}@Sq@g@aAKa@KIAGMKCQGGOe@Ue@s@oBKa@CWMo@?OIWC[?yDI}@Im@D]DMHKLKHMDKNi@Bi@Hm@TwE@eBBe@IeC@QOcBIsBK{@IgBKyAIMCWYa@M_@SOa@Eo@DICa@BWAO@CBKASBk@Vc@Hi@Va@^UGg@d@}@dAe@Nc@Cm@WOUUSQMYY{@k@aAcAe@]g@c@e@g@UKw@u@_@WGJ[NEAMKEKMGO@MCYDMZQZ_@dA,2
2,Evening Run,6430.5,2703,3057,53.7,Run,Run,,11285816991,2024-04-28T16:48:46Z,2024-04-28T18:48:46Z,(GMT+01:00) Europe/Paris,7200.0,,,,0,2,0,1,0,False,False,False,False,everyone,False,g17164016,"[49.22696837224066, 4.040652075782418]","[49.22932100482285, 4.0417734906077385]",2.379,3.894,,,,,,,,True,152.4,177.0,False,True,111.9,78.9,12056399541,12056399541,B50DAD74-9928-4043-AF07-907204ACA31F-activity.fit,False,0,0,False,14548647,1,a11285816991,osmkHaetWPy@d@_BlAaDF[FCJRPFTATBHCFBh@j@^Th@b@HHt@l@RVFEBSFCVJtAtAVNPTj@^d@h@\VDFPJh@Nh@A|@e@TPFCFUdAeAbB_AlBYHDTAZB~@GRBDBRf@NPBJNhAH|AD^?NNpAJvABdANbB@d@BLAtACNBh@?|@IrACDCN?l@E^BFENA^OjAQXc@TCDIx@R|@@XAv@CVBd@A`@@XBHDn@?@@AD`AZvANZlAzCXf@`@dALPVj@r@fBBVNZNj@DZH^Db@AXM`@EXGHA`@L\Fb@Ht@A`@Kx@?J{@nEIP_@~AIPEP?Pe@nB]lAIf@GBOI[[o@a@EME[g@o@?HDBFN@TDJI\Sl@CDE@KEUFCGHM?GO{@CKSUIQIc@BYAQSe@IBKZGD]n@CAKME?G@IHU^G?QGMOKWAYCIBWG_@?o@Qo@ISGEWk@DAJ]JD@LBFTLLT@HMRKFE?GEKUMMKWSIO@ELOHCJOFIFAX?VMTGDEA{@i@a@`@OVIDQ\CJYn@CPM\?PIHUbASl@OTGZO^Il@EHAPQj@A`@EP?VEJCBC?b@pA@ZCLCHSBMEIIGAMDKZId@Uj@CPOZBNHF@F?FEHOMO?IBE?WKMAIEY?SIWAOImAUEEI[UcBK[Ky@Mi@?]GCEOUkAA[GYA_@_@[CMGMEi@Mo@KMYWMGw@`@KJE?MMSCKMIAQOWOIIQGEI{@a@YSSGSKII]UKIOGMOyQlLSe@i@_BYk@q@mB_@u@o@_BIc@Qg@Ko@S}@W_AC]MYMg@Ba@OWMEGEMCOS?Q^y@BOPQHSHIb@q@TKT[Ta@Fa@EOSe@GYGMAIGKM]@GHQEYMSIIUa@[gAUUCOa@_Ag@kBQkAEKGGMAYKIIC_@IYBEAMJEBG`@CLO`@@F@HEt@?`@Df@Af@BXAHDZAx@HBCJ@DOFEV[RKAKQk@_AsBOAi@j@G?MMWg@o@_AYm@KIeAgBQQIOY[c@_Aa@i@o@cAPSTi@T_@b@cAl@u@LERSVK\GTO^g@n@_@^c@DOBCJHP?DCJO\]VK^Yn@W`@_@LGLMPGh@c@XOp@e@pAu@HK`@Sl@a@f@YPQ`@Sj@m@j@]n@{@,2
2,Evening Run,4120.8,1803,1829,40.6,Run,Run,,11255893453,2024-04-24T18:06:46Z,2024-04-24T20:06:46Z,(GMT+01:00) Europe/Paris,7200.0,,,,0,2,0,1,0,False,False,False,False,everyone,False,g17164016,"[49.228765200823545, 4.041987061500549]","[49.22809456475079, 4.037164114415646]",2.286,3.762,,,,,,,,True,143.6,160.0,False,True,111.9,80.7,12025398344,12025398344,96CA3F00-953E-42E0-A839-774F424D0592-activity.fit,False,0,0,False,14548647,1,a11255893453,w~mkHkmtWVkAz@mADOJOPe@vAkCVm@T[Zw@j@kAHYn@_BXg@NQDQx@uATg@R[HO\c@xBaBRWVONCRMBMT[XeAJOHBXXRHRRNATNRZ@LA\\FTEPJr@d@lAbALBd@^RJNNl@b@Z\BJD^Bb@A`@Ft@N|@Fl@?r@JvA^lD@n@LdBHVVRd@r@DRD~@DL@h@FNDD`@GJBd@DP\LDHCb@APFJZHFNZLt@@h@Db@DLBl@F`@?b@Fb@@b@TdDFtADhCWdGQzBMh@KLi@Z@ZGZPl@DZ?vACZDnBJnAV`ALTRl@JPTt@Vd@j@vAZl@d@jADLXh@VfAVx@Hb@Jx@Ef@Mj@SHULW^Q^EBg@x@Sd@W^a@T[BOAMKUa@o@s@O_@Ko@@q@HgBEk@YUOWOEECOa@GCQJQ@KFCHGJYLKl@Yz@EMGGE]IIMEONIAWUMSIYASKMKkAIKWMU@ODG?OG]Au@_AYUO[USGAKDECIMc@[i@CsAMWIKIMQW_AGIu@o@U]M_@EWOe@YgAKEE?UXC@QAI?KCMNWPSZGPSHq@OMOYG_@[eCmAsA}@KUIk@C}@Ei@@c@CwAK{AAkAAMMU?_@EY?OF]CM@e@JmAEM?E,2
2,Lunch Run,5492.2,2233,2811,18.3,Run,Run,,11186416073,2024-04-15T09:29:12Z,2024-04-15T11:29:12Z,(GMT+01:00) Europe/Paris,7200.0,,,,0,1,0,1,0,False,False,False,False,everyone,False,g17164016,"[49.22842078842223, 4.042783509939909]","[49.228383488953114, 4.04282265342772]",2.46,3.438,,,,,,,,True,147.6,163.0,False,True,86.5,78.9,11953998500,11953998500,898D9781-187D-4AD5-A25F-E36A7EC646A2-activity.fit,False,0,0,False,14548647,1,a11186416073,s|mkHkrtWFA~M_XLo@P]^k@FU?MFSBSLc@?[CGSQYa@a@u@AIBWXw@Jk@EEQBMAI[AMHm@Lg@Na@Fe@Mq@e@oAI[IQOa@Ic@Hc@FCDAHDL@HMF?HBDC@SHOFa@J_@Hs@c@]GKUMOW][KQUO[Qa@Qo@KY@SHW?[NYFKFGAG@WJ_@D[JOHw@Xw@t@IDE?YgAKSUSMYGcAHcAJ]HGPg@^s@Cm@Di@@_@AKB[CMg@w@[[aAo@EG_Aq@u@q@s@e@IOKCECIPANMd@Kr@Uz@MbAWxAAPW~@Ir@I\Kz@wAbIKz@Op@QxAEHGf@o@jD[~BQv@o@pE@J@EZLHGF@HFFAVBHNXPvACXGRALBHFNEJ@XAHNTp@CVGNcAd@SN_@b@URe@RQRWNKPMXA\Gb@WrAIR_@n@{@z@mAdBKHWZi@hBAPCHMn@At@KXMGOAGIKDIv@o@z@MBGCMHWH]d@eS`SY^o@p@i@p@}@x@aBnBcAbAaBhBMH[b@IDWb@Kh@I@GFIPEVi@\OVMHa@j@QREPOTEPDLNx@Pr@r@|ALd@X^RP\p@^d@DJHNZUPW^Yl@o@TOPSn@YRSJOPMd@Qd@ED@l@QDEd@AJELA\QNCNI|@W`@YPIRUd@QJIHOTUHMn@c@Vo@NU^URUPIZ]LINUx@aAHQPURa@VYRa@NK^m@FEDGROj@WHKROTIXWx@e@LKTCN@JQ@SBEtA}@BEjAq@`Aw@JE`As@NEROHIZQj@c@\QbBoAlAu@XYn@a@v@{@r@e@p@_ARKb@_@Re@T[BKXS^w@HUJMNYb@aANSNa@NURe@wAhCGPBCEBGPe@r@ENIHITe@x@@DEB,2
2,Evening Run,4150.4,2438,2438,21.6,Run,Run,,11256591036,2024-04-10T16:25:38Z,2024-04-10T18:25:38Z,(GMT+01:00) Europe/Paris,7200.0,,,,0,0,0,2,0,False,False,False,False,everyone,False,g17164016,"[49.22906577587128, 4.054116848856211]","[49.227438094094396, 4.05333942733705]",1.702,3.147,,,,,,,,True,133.2,157.0,False,True,85.8,78.6,12026107839,12026107839,EB33947B-45AA-456B-859A-9F762A0BF24B.fit,False,0,0,False,14548647,1,a11256591036,s`nkHeyvWBQ^iATa@B_@BGVIJATHj@b@PFH?`As@Xe@D]CGSMg@e@KGEO@QGCUGIOAMF[B]@kABORUb@cAf@_CP{ALa@FMZYj@s@Te@Ze@t@kCTeBEq@MMAGCo@CS@xACHO@EDAf@CNGHKCYRGJSHCZIZF^MdA@FLZGd@ILGDQO[CCBC~@FZDBFEPSXe@AMSGk@[m@e@SI_@]SUMCi@a@i@WmBuAy@s@YIGFShBQz@]dC]fB?FFId@eCH{@EFWtA{@vFMd@[nB?DB?K\Eb@[vASfBYpAObAi@rCQpAqBlLg@jDK`@q@|DCb@Sr@CXD@_@dB?d@^Hl@G`@Fl@@HTHBh@BLEPCN@RH^?HCZg@PoBTwAVqAnAeDX{@NYLe@`@y@PYb@e@|@u@A?FIZOLSXUpA{@TUZOTG\QRC\M\G,2
2,Course √† pied le soir,3183.7,1386,1565,15.2,Run,Run,0.0,11150809837,2024-04-10T16:19:05Z,2024-04-10T18:19:05Z,(GMT+01:00) Europe/Paris,7200.0,,,,0,1,0,2,0,False,False,False,False,everyone,False,g17164016,"[49.22577705234289, 4.048446994274855]","[49.232148975133896, 4.050718070939183]",2.297,3.334,,,,,,,,False,,,False,False,85.9,78.4,11917304905,11917304905,D9A83FA3-B29A-4C89-8291-ED451E0DFB7B-activity.fit,False,0,0,False,14548647,1,a11150809837,almkHwuuW]i@Fa@`@{A?MGCIHUGKe@l@mC@[MQ[eAAIGKOu@IMMm@CCDGFg@TMBMRPP@Py@Tw@Di@CEK?ECu@aAe@_@CIi@e@QEQK_@GCCICGBM?GBQ?WDGFQ@OJUDIAKFOBy@T[PMBKLOHWTOFc@\G@MOGSI_@?MUYAIOMGQCi@Am@LYBc@JSXeAV]A[BKHARIVBHBDHZXRJF@FALMn@c@\c@@KDQCMEAE?k@o@MCIODSCC[GMQAKFSDa@?[@KCi@HQNQL[Ve@BWb@iBL{ATq@VQ`@c@LQRe@LMBKLMDSFKDWXeAHQ@MDSHu@DIGe@@OIKE@CC@OCG?]CS?E?p@Dd@CHO?GDCF@^E\C@MGINEAABG@CJWBEd@KRJb@EJAVIXH\FBBJIN?RQXOQM?MIGBBPGX?XD^F?^a@FOLKAOYGGIYOMKUKEIMIG?UOGGICQa@KBIIMEa@]EAaAm@GIc@YGGKGi@g@ICCG]MIDIp@En@EPCVIT]fC_@jB?NDCBIDa@ZyAFq@DQ?IGHARUdAS~AMp@EHEb@mBnLIl@WfAKv@YzAEJ]dCOp@[vBCDE^Y|ACVa@tBK~@W`BMf@,2
2,Evening Run,5897.8,3269,3269,19.2,Run,Run,,11256591819,2024-04-07T17:25:49Z,2024-04-07T19:25:49Z,(GMT+01:00) Europe/Paris,7200.0,,,,2,0,0,2,0,False,False,False,False,everyone,False,g17164016,"[49.22747480683029, 4.0533618070185184]","[49.22632799483836, 4.050957793369889]",1.804,3.545,,,,,,,,True,146.4,161.0,False,True,85.2,78.0,12026108624,12026108624,1CE3BFD3-6602-40D6-BB86-48737ED65368.fit,False,1,0,False,14548647,1,a11256591819,uvmkHotvWgAXsAl@}AfAGEa@iAOYU[EOEmANcAD_ADYFOd@_AHo@Bi@DQDEZATOT_@Tq@F_@F_A?qADM?WJs@B[F]Ti@ROD]NWJYHOF]DwAKQw@s@_@W_@QUU]QQQUGOOg@SwAqAYSUKCK|@cHFu@VeBH_Ad@qDXoCRsAhA{JJY?m@h@uDl@eFJ_@\Qd@o@Zq@Bk@Mr@Qd@KROPUf@k@dDq@|FCd@ELMJCHCn@FJ@Lu@rF_@hDStAUnB}@~GQhB]rCMn@Gh@Q`@MbAADKJGVQvAwA|Im@`D}@vFQz@Ad@GR]hBYhBOj@KhAs@tDiAlHeAdGUzAAVEFQ|@Gp@?JFFZF`@RRDX@TA\@tAEZFV?TENWJ_@RiAH_Ad@kCv@}B|AuD\o@V[lAcA|@k@pAmAvBcA`Bc@h@S`@Cf@@\HZL^VfBhBXTFFCVM`@[nAIJSJW?KBAFEf@BLMXMfA,2
2,15¬¥ - 10¬¥ - 5¬¥,7204.0,3821,4210,26.2,Run,Run,3.0,11130356546,2024-04-07T17:10:50Z,2024-04-07T19:10:50Z,(GMT+01:00) Europe/Paris,7200.0,,,,0,1,0,2,0,False,False,False,False,everyone,False,g17164016,"[49.22799129970372, 4.041040576994419]","[49.227768843993545, 4.040973102673888]",1.885,3.575,,,,,,,,False,,,False,False,87.0,80.4,11896259042,11896259042,805556D4-465F-4D2C-BD05-8F4E6030D9EB-activity.fit,False,0,0,False,14548647,1,a11130356546,}ymkHogtW]c@IQEC]c@c@y@i@s@M[JM?KBQ\a@P[l@o@La@Xs@b@q@b@eAt@oA^cAl@kAPq@HOFEHYRUHSNMVi@PYBCDMLQBANe@DEP[DSPQT_@HSHMLEFOB_@P}@Fa@EMm@i@GS]k@AKPw@ZaACEc@AKSAKTeBPi@@WW{@AOMUCOQYa@{A@GDE@I?OJOJG\i@DHf@eBNG@CAEOEYc@c@[W_@GAUOMUIC]WK?SISE[?{@NMDMHGAqA\uAl@c@\MDIJc@XOWCMGMOg@Q[MIGWCa@Ce@RgAA[Hs@Pi@Ze@Ho@@o@DQFKJDNAPM^i@BKL_@Fa@?IDUB_@CKDg@GWHEA[BUDKAMDC?YFc@PWBYHDHGDg@JIHMBUNKD_@Bs@AQFKBIQUqAiAe@SKO]OUUIEEBMSs@SEEKUOEY[GC[YGCQSOA@@GMFc@Lu@PcBJm@PkBHWPuADy@DMFu@ViBViCV{AN}ATwA?MNwADOJmABKDCBMAi@DK^sCDQXsCLq@Ba@Ha@VM\]h@aADQ@c@Mp@CFITKVOLYl@OdAIVANOv@El@QpAAVGPOzA?NCRAFGDGAEh@EHAJLJBHEJUlBI\Gp@Mp@AXG^SnBGN@RMl@ATOnAIb@W`Ca@rCK`AAPU~AGv@Qx@Ej@QRKnAEBGACFIt@ELGj@q@bEAVK\QbA?Ns@tDGf@UlACXQt@Gr@Qn@CR@L?JGHGXO`AGVOfACDAPQp@KfAK`@Ir@K^UlAE`@YfBGR]fCc@pBQvAg@tCAVEBADAPMh@Ed@EXDFf@HHJPH`@Fb@EZFlAKN@LHJANBVIPWBGVyAFw@TiADi@No@Vm@Ja@Nc@NWHWFGDS`@cAb@cA`@m@^SFMTOn@k@\KFO^[VOJQp@_@PC@GNILCXQH?NKN?VMN?j@QJKf@Ef@@ZFz@b@JR~@x@LRr@h@?PO^EZYdAQFEJOGU@CD?NAREFDPILGXGl@Mr@ALGV?LMnAI^?F]`CDRJDLAHI^IDWDHJDd@EHBPh@DGBFBDQZId@?FFPHFFLB@@FFBJR`@d@BJGNYdBCFALSj@MR?T[VU`@[b@]r@]d@iAvBEPINYx@g@dAk@rAQZe@hA_@p@IXOPKZi@r@ITINKFMVc@d@CHTn@FHHDNb@NJDJJHHNVXFJFTHDJTRR@JHDJU@ODD,2
2,Evening Run,5852.5,3241,3241,30.4,Run,Run,,11256592224,2024-04-03T17:38:39Z,2024-04-03T19:38:39Z,(GMT+01:00) Europe/Paris,7200.0,,,,1,0,0,2,0,False,False,False,False,everyone,False,g17164016,"[49.241116270422935, 4.035659814253449]","[49.227539766579866, 4.040445378050208]",1.806,3.186,,,,,,,,True,143.7,155.0,False,True,85.8,76.6,12026109024,12026109024,E27D49B3-266C-46B4-8AE7-64C8DF0BCD39.fit,False,0,0,False,14548647,1,a11256592224,}kpkH{esWv@{@^i@TYLg@n@q@R]tB{Bp@u@LWxEwEdAkAx@eAVa@b@a@xBgCr@u@V]`AcAz@_Ax@u@^e@FAVBNGh@_@^g@t@WZ]NUFOBe@BGF?VFJABCLi@Bk@RmA\aAN[VWTe@x@eA`AgATg@HULk@RcBJ[NQb@U`Aq@^c@hAq@VYDY?OY{@AQLi@P{A^wBPy@X}@rBiFXm@X]r@o@bAu@f@g@nA_Af@[bBq@pB_@r@C|@Pl@ZVVMUQQIEMAc@Uw@I{@Hw@XdAUh@Ef@@ZHx@b@z@|@^d@^VJNCRCFKBSCEBc@nAW\INE`@@h@IZUlBQ`AIz@WzAGh@Ad@DNFB^Ol@KTA`AKNB?Jc@lAGV?Jf@dAVTRN@Ne@zBSb@Kz@c@`@i@r@e@|@u@jAk@lAkAbDi@lAALBHb@h@`CzD|@dAJRBRM`@_@j@u@xBOh@QhAe@xAWj@GBECe@q@EK,2
2,Day 4 reprise,5185.0,2387,2521,26.2,Run,Run,0.0,11100528599,2024-04-03T17:29:48Z,2024-04-03T19:29:48Z,(GMT+01:00) Europe/Paris,7200.0,,,,0,1,0,2,0,False,False,False,False,everyone,False,g17164016,"[49.233346, 4.0387]","[49.227399, 4.040251]",2.172,4.2,,,,,,,,False,,,False,False,86.6,78.9,11865500727,11865500727,869F4EA6-F7A5-4399-9D2F-0FE862755A2A-activity.fit,False,0,0,False,14548647,1,a11100528599,k{nkH{xsWMTG@ABYBEDKBq@f@MDq@d@MJQHSNIBITWXU`@OJ]d@Q`@SVKHMTQRMTGDINOFKNE@GJE@KJMDEHGBEFE@URWn@]^G@EHQREBa@\EHGBc@^CHQLED_A^o@Jg@RUDKJQ@CDYDW?SFGAI?CB_@Fu@R_@Vg@n@[TQTy@n@MPODg@h@C?Qa@AQMMMYAKQMKOOa@EEm@gAGWMMM[U_AGo@?IXYt@kAFCl@m@`@q@TSFSCIBGZ_@DADKHCFOLQFEDGRQPWLGT]HCf@o@LKHMB?DQJM^[hAgAj@s@`@YDKXUDI^a@DG\[FKX[@ITQVe@b@_@X_@VURYDAACf@g@BIx@w@T_@\Wr@}@PMz@aAPIJMN[F??CDAFBJ@VKF@RWD?HEFQHIDIDCH?LMH@NGn@q@@MDG@_@DMFATHH@FC@GJ_@@s@J[Jy@LQJg@NWFCLQTg@LIHQLKNW\c@d@c@L[JMV{@RqA?[FUNUXOFA^[h@]JKFMRMDAHKROXIXWHi@Uw@GIAMJa@Js@?M\kBFm@DIHg@ZeATi@J]^u@p@mBJKFYFEXa@PKDKNIHM^[^UDANSNMBGhAu@FKd@YXKf@WRENIdAOn@Qj@CVBBDR?RFPLF?NHXXBFAEGMKIIOECEAK?a@UCAEBCCA@YGG@ACE?]BGFCE?@UBEBK@OJQBL?bAW`@Cb@B@BN?JDLJVFLJDHLDV^NJFLHHNRn@b@CVKNMKGAGDQh@IPCPa@b@ELEp@BTIR?NGTGn@EN@JWrAEn@GRIp@GPKxABNFB^QJ?\KZ?NEL?XG`@??FOTYx@Kj@LNZp@d@`@FBBRQh@SjAS^G\?XCH_@Zi@r@KNa@x@OPITUTKXU`@Wv@GHAJOXCL]v@Mb@e@bA@HFDj@x@BJR\RXDHB?RXLZ~@rAVPVd@Qj@UVIPc@tAEH]hAK|@EHa@vASf@EFKAOY,2
2,Evening Run,4833.9,2201,2201,45.8,Run,Run,,11256592135,2024-03-31T16:50:19Z,2024-03-31T18:50:19Z,(GMT+01:00) Europe/Paris,7200.0,,,,2,0,0,1,0,False,False,False,False,everyone,False,g17164016,"[49.22538268379867, 4.0483504347503185]","[49.23001226037741, 4.041198240593076]",2.196,3.86,,,,,,,,True,143.3,170.0,False,True,82.2,74.2,12026108939,12026108939,A90719C2-D9C6-4416-B487-520553322D20.fit,False,0,0,False,14548647,1,a11256592135,simkHeuuWd@kCTw@XuARq@TkA^iAVaB?MK_AWu@a@i@k@g@gAi@cA[m@i@kAkA]Uc@Qi@Ea@BuCp@eA`@sCrBMTSTSHg@`@y@~@Q\KZW`@e@pA_AtBe@tBMZYlCQv@O`@IJYDGDMTY\mAhAUd@{@pAC?EEUbA_@|@Wd@WbAEBA?i@q@WUKCEBQzAc@fBGp@a@xAe@zBqAtCM`@_@f@c@|@m@`@KB_@@G@[Z[Vk@v@wBhCu@r@iDrDwBdCgCnCy@`AkBlBiAtAy@x@WPSXaA`AGJ@HAB@PENeBlBWb@MXCJ?JRdAV~@h@|@d@lAl@~@\r@VVLEhAaAt@y@^Yh@]b@c@VOpCq@hAU^QXIb@E^Qb@c@d@_@RMn@k@n@o@Na@NUx@u@l@c@\]x@iAf@{@tAkBP[bAk@n@g@v@c@bA_Ab@O`@SzByAtEcDhBeAdAu@FKDAZQ`@],2
2,Evening Run,4617.8,1555,1560,19.4,Run,Run,,11256592051,2024-03-27T17:19:14Z,2024-03-27T18:19:14Z,(GMT+01:00) Europe/Paris,3600.0,,,,2,0,0,1,0,False,False,False,False,everyone,False,g17164016,"[49.22970078885555, 4.05169565230608]","[49.23103418201208, 4.040435655042529]",2.97,3.35,,,,,,,,True,146.1,159.0,False,True,84.8,78.6,12026108835,12026108835,BF6D2EF5-0F68-4B31-A859-DBC9FD21AD8F.fit,False,1,0,False,14548647,1,a11256592051,sdnkHajvWa@x@iBrESj@]~Ak@dEWt@KHg@?K^[T_@f@i@j@[l@s@fAk@~Ac@v@Qj@KJIFKAo@y@ICGFS~@U`BQz@wArFk@lA]~@Qf@Yd@O\{@z@MFi@@GDSb@]JU^OLU^[ZS\s@p@y@`A}@bAkAlAYb@{@x@sBbCyAvAk@p@_@h@o@n@gCtC{AxAMRWPMXMh@iBpB]l@IX?Hl@dCvAnCp@bAZ`@J\J@DCNSp@i@b@g@jC{BdA]p@Kn@@j@CTS^Qd@IXOROf@c@x@k@\[bAcAh@{@`Au@|@y@hA_B`A{AlA}ALIn@Uf@e@r@k@b@UVU~B}APO|B{A`As@^K^UdAs@,2
2,Marche,2291.0,1386,1480,10.1,Run,Run,0.0,557256648,2016-04-25T16:43:57Z,2016-04-25T18:43:57Z,(GMT+01:00) Europe/Paris,7200.0,,,,3,0,0,1,0,False,False,False,False,everyone,False,,"[49.242483, 4.024839]","[49.227312, 4.040016]",1.653,3.0,,,,,,,,False,,,False,False,90.4,80.0,610831948,610831948,1f2aa96d0d6fe25bb1fca5f525739172,False,0,0,False,14548647,1,a557256648,otpkHebqWxCsAbE_LhGkGn@wLp@\l@aDzRoHvOu@zJ_G`OkRnEmM,2
2,Marche,1654.2,1150,6470,0.0,Run,Run,0.0,551327854,2016-04-20T13:29:01Z,2016-04-20T15:29:01Z,(GMT+01:00) Europe/Paris,7200.0,,,,4,0,0,1,0,False,False,False,False,everyone,False,,"[49.249274, 4.036482]","[49.242919, 4.024435]",1.438,7.3,,,,,,,,False,,,False,False,87.9,77.0,604592460,604592460,e893a9e0154a87aedd096085f3aef977,False,0,0,False,14548647,1,a551327854,}~qkH_ksWaBdAlBwD|AfBxNrb@xMbYuAtI`@xCjAzAjB}CxBNcAA,2
2,Course √† pied en soir√©e,1768.1,674,1205,0.0,Run,Run,0.0,545311522,2016-04-14T17:16:56Z,2016-04-14T19:16:56Z,(GMT+01:00) Europe/Paris,7200.0,,,,1,0,0,1,0,False,False,False,False,everyone,False,,"[49.249986, 4.03424]","[49.242834, 4.029642]",2.623,5.2,,,,,,,,False,,,False,False,83.4,77.0,598349741,598349741,9f9e718d61c7d108cca87b39431a759b,False,0,0,False,14548647,1,a545311522,kcrkH}|rWtQ`X|BkChFfIpGtPqB|JbD~CiCuEfBwFgA}F|FoM,2
